الأسماء / الأفعال,جمع (ج) / جمع من (جمن),المعنى,مرادفه (=),ضدّه (≠),المثال
تحيّة,تحيّات/تحايا,,سلام,,
جنسيّة,جنسيّات,الصّفة التي تكحي الشخص من جهة وطنه الأصلي,,,
مدرّس,مدرّسون,,معلّم/أستاذ,,
مدرّسة,مدرّسات,,معلّمة/أستاذة,,
مهندس,مهندسون,من يُلِمُّ بعلم من العلوم الهندسيّة,,,
مهندسة,مهندسات,,,,
أخ,إخوة/إخوان,,,,
أخت,أخوَات,,,,
طبيب,أطبّاءُ,الذي يُعَالجُ المرضى ونحوَهُم,معلّج,,
طبيبة,طبيبات,,,,
صديق,أصدقاءُ,,زميل,عدوّ,
صديقة,صديقات,,زميلة,,
اسم,أسماء,ما يعرف به الشيء,,,
تعارَف - يتعارَف -  تعارُفا,,عرف بعضُهم بعضا,,,
جزء,أجزاء,,قسم (ج) أقسام,,
متفائل,متفائلون / ات,مَنْ يَرَى كُلَّ شَيءٍ جَمِيل,,متشائم (ج) +ون / ات,نحن متفائلات
أسرة,أُسَر,مجموعة من الأب والأم والأولاد,عائلة (ج) عائلات,,هذه أسرتي الصغيرة
والد,والدون/ات,الأب,أب/ آباء,,هو والدِي
صورة,صُوَر,,,,هذه صورة جميلة
مهندس,مهندسون,,,,سأكون مهندسا
معلّمة,معلّمات,,مدرّسة (ج) +ات,,هي أختي وهي معلّمة في معهدي
جدّة,جدّات,أمّ الأب,,,أنا أحبّ جدّتي
طالب,طلاب,,متعلِّم (ج) متعلّمون,,أنا طالب في الجامعة
شجرة,أشجار,,,,انظر إلى الشجرة
عمّ,أعمام,أخ الأب,خال (ج) أخوال: أخ الأمّ,,لديّ عمّ جميل جدا
ابن,أبناء,,ولد (ج) أولاد,,لي خمسة أولاد
مسجد,مساجِدُ,مكان لسجود,مصلّى (ج) مصلّيات,,سأذهب إلى المسجد
هيّا بنا,,,تعال,,هيّا بنا إلى المدرسة
نظّارة,نظّارات,,,,استخدمتُ النظارةَ الجددةَ
معطف,معاطِفُ,,,,استعرت معطفاً
غرفة,غُرَف,,,,سأستلقي في الغرفةِ
حمّام,حمّامات,,دورة المياهِ,,أحتاج إلى الحمامِ
سهُل  ﹹ  سهولة,,,هان  ﹹ  هونا,صعُب  ﹹ  صعوبة,
تخرَّج  ﹷ  تخرُّج (في),,أنهى تعلّمه بنجاح,,,تخرَّجتُ في مرحلةِ المتوسطةِ
قرأ  ﹷ  قراءة,,,تلى يتلو تِلاوة,,قرأت الكتاب
صلّى  ﹻ  صلاة,,عبادة ذات أقوال وأفعال أوّلها التكبير وآخرها التسليم,,,صلّيت صلاةَ الصبح
أذّن – يؤذّن - تأذين,,فعل الأذان. نادى بالصلاة.,نادى ,,آذن احمد أذان الظهر
توضَّأ  ﹷ  توضُّؤ,,فعل الوضوء. أوصل الماء إلى الأعضاء الأربعة الرَّأس والوجه واليدين والرِّجلين مع النِّيّة وحَسْب ترتيب معيَّن,,,توضَّأ زيد في الحمام
سكَنٌ,أسكان,مكان السكن مثل بيت أو شقّة أو غيرهما,,,
حيٌّ,أحْياء,مجْمَع السكن / مجموعة من المنازل,,,
مطار,مطارات,محطّة الطائرات,,,
جامعة,جامعات,معهد التعلّم العالي,,,
بيت,بيوت,,"مَنْزِل (ج) منازل
دار (ج) دِيار",,
شقّة,شُقَق,,,,
رَقْم,أرقام,,,,
مُستأْجِرٌ,مستأجرون,,مكتَرٍ (ج) +ون,مُؤجِّر (ج) +ون,
مُؤجِّر,مُؤجِّرون,الْمُكْتَرِي لَهُ,,"مُستأْجِرٌ(ج) + ون
مكتَرٍ (ج) + ون",
جميل,جُملاءُ,,حَسَن(ج)حِسان,قبيح,
دَوْر,أدْوار,,طبَقة(ج)طبقات,,
مُشاهدة,,,رُؤْيَة,,
باب,أبْواب,,,,
مشْترٍ(المشتري),مشْترون,,,بائِع (ج) +ون,
خِدْمة,خِدَم,,مُساعدة,,
بعْض,,,جزْءٌ,,
أثاث,أُثُث,متاع البيت,,,
سجّادة,سجّادات,,بِساط (ج) بُسُط,,
جُلوس,,,قُعود,,
مِرْآة,مَرايا,ما يرى الناظر فيها نفسه,,,
سَرير,سُرُر,,مُضْطَجَعٌ,,
سِتارة,سَتائِرُ وستارات,ما يُسدل على نوافذ البيت وأبوابه حجبًا للنظر أو اتِّقاءً للشمس,,,
مَطْبخ,مَطابِخُ,مكان الطبخ,,,
فُرْن,أفْران,آلة طبخ الطعام,مَخْبَز,,
ثلاّجة,ثلاّجات,جهاز للتبريد وحِفظ الطعام ونحوه,,,
أريكة,أرائِكُ,مقعد مزيّن مريح,,,جلس الملكُ على أريكتِهِ
سخّان,سخّانات,جهاز لتسخين ماء الأنابيب الموصُولة بالحنفيات,,,
شيء,أشياء,,,,
سكَن  ﹹ  سَكَنا,,,أقام  ﹻ  إقامةً,رحَل  ﹷ  رِحْلة,
أراد  ﹻ  إرادة,,,شاء  ﹷ  مَشيئَة,,
تفضَّل  ﹷ  تفضُّلا,,,تكرَّم  ﹷ  تكرُّما,,
شاهد  ﹻ  مُشهادة,,,رأى  ﹷ  رُؤْيَة,,
دخل  ﹹ  دُخُولا,,,,خرج  ﹹ  خروجا,
مدْرسة,مدارسُ,مكان الدَّرس والتعليم,,,
سيّارة,سيّارات,مَرْكَبَةٌ آلِيَّةٌ تَسيرُ بِمُحَرِّكٍ مُحْرِقٍ لِلْبِنْزينِ تُستَخْدَمُ لِلرُّكوبِ والنَّقْلِ,,,
حافلة,حافلات وحوافِلُ,سَيَّارَةٌ كَبيرَةٌ لِنَقْلِ الرُّكَّابِ داخِلَ الْمَدينَةِ,,,
ساعة,ساعات,آلةٌ يعرف بها الوقتُ بالساعات والدقائق والثواني,,,
يوم,أيام,زمنٌ مِقدارُه من طُلوع الشمس إِلى غروبها,,,
يوم العملِ,,,يوم الدوامِ,,
عطلة,عُطَل وعُطْلات,"مدَّة زمنيَّة يتوقَّف خلالها الأفرادُ أو المؤسَّساتُ عن العمل، تُخَصَّص للمتعة أو الرَّاحة أو الاسترخاء",إجازة,,
عمل,أعمال,,شُغْل,فراغ,
مَلْبس,ملابِسُ,كُلُّ ما يُلْبَس من ثيابٍ ونحوها,ثَوْب (ج) أثواب,,
طَبَق,أطباق,الإِناء يؤكلُ فيه,صَحْن (ج) صُحون,,
مُبكّرا,,فِي أَوَّلِ الصَّبَاحِ أَوْ أَوَّلِ الشَّيْء,,متأخرا,
الصباح,,,,المساء,
النهار,,,,الليل,
تِلفاز,تلفازيات,جهازٌ إِلِكْتِرونِيّ يَتَلَقَّى صُوَرَ بَرامِجَ وَأَفْلامٍ بِواسِطَةِ الكَهْرَباء,,,
صحيفة,صُحُف وصَحائفُ,قطعة القرطاس أو الورق التي كتب فيها,جريدة (ج) جرائدُ,,
كتاب,كتب,الصُّحفُ المجموعة,,,
كبير,كِبار,,,صغير (ج) صِغار,
كبيرة,كبيرات,,,صغيرة,
جُمُعة,جمعات,,,,
عند,,,حين (للوقت),,
عند,,,لدى (ظرف),,
أيضا,,,كذلك,,
فعل يفَعل فِعلا,,,عمِل يعَمل عملا,,
كنس - يكنُس - كِناسة,,,,,
غسل - يغسِل - غسْلا,,,,,
كوى - يكوي - كيّا,,,,,
مطْعم,مطاعمُ,مكان يتناول فيه الناس الطعامَ,,,
وجْبة,وجَبات,"الأَكلةُ الواحدة، أَو الحَلْبَةُ الواحدةُ في اليوم واللَّيلة",,,
فَطُوْر,,طعام الصباح / طعام الصائم عند المغرب,,,
غداء,أغدِية,طعام النهار,,,
عَشاء,أعشِية,طعام المساء,,,
قليلٌ,قلائلُ,,نادرٌ(ج) نوادرُ,"كثير (ج) كثيرون، وفيرٌ",
خُبزٌ,أخبازٌ,اسمٌ لما يُصنعُ من الدَّقيقِ المعجونِ المنضَج بالنار,رغيفٌ (ج) أرغِفةٌ,,
لحمٌ,لُحومٌ,,,,
دجاجةٌ,دجاجاتٌ,,,,
سمَكةٌ,أسماكٌ,,,,
سلَطةٌ,سلطات,خليط من الخضروات المقطّعة,,,
فاكهةٌ,فواكِهُ,,ثمرةٌ (ج) ثِمارٌ,,
وزنٌ,أوزانٌ,,,,
كَيلٌ,أكيالٌ,,,,
سمينٌ,سِمانٌ,,بدينٌ(ج) بَدَنٌ,نحيف (ج) نُحفاءُ,
أرُزّ ٌ= رُزّ ٌ= أَرْزٌ,,,,,
ماءٌ,مِياهٌ,,,,
شاي,,أوراق من نبات تُغلى وتُشرب,,,
نعَم,,حرف جواب يكون تصديقا,أجَل,,
بعض,أبعاض,طائفة منه قلت أو كثرت,جزء,,
قهوة,قهوات,شَرَابُ البُنِّ الْمُغَلَّى,,,
حليب,,,لبن,,
عِنب,أعناب,"مُعَمَّر متسلِّق ثمرُه صغير حلو طريّ، فإذا جُفِّف صار زبيبًا",,,
من فضلك,,,لو سمحت,,
طعام,أطعِمة,,,,
شراب,أشرِبة,,,,
تمر,تمور,اليَابِسُ من ثَمَر النخل,,,
ضيْف,ضُيُوف,,زائر(ج) زائرون,,
جوعانُ (مذ),,لَمْ يَذُقْ طَعَامًا مُدَّةً وَهُوَ بِحَاجَةٍ إِلَى الأَكْلِ,,شبعانُ,
جوعى (مؤ),,,,شبعى,
مائدة,موائدُ,الخِوان عليه الطَّعام والشراب,,,
زوجة,زوجات,امرأة مرتبطة برجل عن طريق الزواج,,,
زوج,أزواج,,,,
والد,والدون,,أب(ج) آباء,,
والدة,والدات,,أم (ج) أمهات,,
أخ,إخوان/ إخوة,,,,
غرفة الجلوس,,غرفة في المنزل حيث يجلس الناس ويستريحون,,,
أكل-يأكُل-أكلا,,,تناول-يتنَاول-تناوُلا,,
ذهب-يذهَب-ذهابا (إلى),,,انطلق-ينطلِق-انطِلاقا,رجع يرجِع رجوعا,ذهب أحمد إلى الفصل
طلب-يطلُب-طلَبا (من),,,سأل – يسأَل-سُؤالا,,أطلب الماء منك
شرِب-يشرَب-شُرْبا,,,,,
شكر-يشكُر-شُكرا/شكورا,,,,,
فضّل-يفضّل-تفضيلا,,,اختار-يختار-اختيارا,,
جاع-يجوع جُوعا,,,,شبع-يشبَع-شبْعا,
صلاة,صلوات,,,,
ليل,ليالٍ (الليالي),,,,
مبكّر,,فِي أَوَّلِ الصَّبَاحِ أَوْ أَوَّلِ الشَّيْء,,متأخّر,
صباح,,,,مساء,
أذان,,نداء الصلاة,,,
منبه,منبهات,ساعة لها جرس,,,
جانب,جوانبُ,,جوار/ ناحية,,
فكرة,فِكَر,,رأي (ج) آراء,,
طيبة,,,جيدة,قبيحة,
مسافر,مسافرون,,ذاهب (ج) ذاهبون,,
طائرة,طائرات,مركب آليُّ على هيئة الطائر يسبح في الجوّ,,,
المسجدُ الحرامُ,,اسم المسجد في مكة,,,
المسجدُ النبويُّ,,اسم المسجد في المدينة,,,
أفضل,,اسم تفضيل من فضل,أحسن,,
بعيد,بُعداءُ,,,قريب (ج) أقْرباءُ,
مريض,مرضى,,سقيم ج سقم,سليم/ صحيح (ج) أصِحَّاءُ,
كسلانُ,كُسالى,,,نشيط ج نشطاءُ,
كسلى (مؤ),,,,,
آسف,آسفون,,نادم,,
صحيح,,,,خاطئ,
سمع - يسمَع – سَماعا,,,أصغى - يصغي – إصغاء,,
استيقظ – يستيقظ - استيقاظا,,,,نام – ينام - نوما,
استطاع – يستطيع - استطاعة,,,قدَر- يقِدر – قُدرة (على),عجز,
وضع – يضَع – وضْعا,,,ترك – يتُرك – ترْكا,أخذ,
ضَعْ,,,اتركْ,,
سافر- يسافر- مسافرة,,,ذهب – يذهَب – ذَهابا,,
ركِب – يركَب – ركوبا,,استعمال وسائل النقل,,,
انتظر- ينتظر- انتظارا,,,ترقّب – يترقّب – ترقّبا,,
صلّى – يصلّي – صلاة,,,,,
لوحة,لوحات,,لافتة (ج) لافتات,,
جدول,جداولُ,,,,
أسبوع,أسابيعُ,سبعة أيام,,,
عطلة,عُطُلات,مدَّة زمنيَّة يتوقَّف خلالها الأفرادُ عن العمل,,,
مادّة,موادّ,,درس(ج) دروس,,
قراءة,,,مطالعة,,
ثقافة,ثقافات,,,,
رِياضِيّات,,علوم الجبر والإحصاء,,,
لغة,لغات,,,,
علم,علوم,,,جهل,
حاسوب,حواسيبُ,,كمبيوتر,,
اختبار,اختبارات,,امتحان (ج) امتحانات,,
شهر,أشهُر / شُهُور,ثلاثون يوما,,,
عام,أعوام,,سنة (ج) سنوات,,
طويل,طِوال,,,قصير (ج) قِصار,
صفّ,صُفوف,,فصل (ج) فصول,,
حصة,حِصَص,مدة زمنية للدراسة,,,
كلّيّة,كلّيّات,,,,
كلية التربية,,الكليّة الجامعيّة الخاصّة بتخريج المدرسين والباحثين التربويين,,,
كلية الطب,,الكليّة الجامعيّة الخاصّة بتخريج الاطباء,,,
بعيد (عن),,,,قريب (من),بيتي بعيد عن المدرسة
وقت,أوقات,,زمن (ج) أزمان,,
استراحة,استراحات,,فسحة (ج) فسحات,,
مختبَر,مختبَرات,المكانُ الذي تُجرى فيه التجارب العلمية,معمل (ج) معاملُ,,
حافلة,حافلات,,,,
سيارة,سيارات,,,,
درَس - يدرُس - دراسة,,,تعلم - يتعلم - تعلما,,
نظَر - ينظُر - نظرا (إلى),,,رأى - يرى - رؤية,,نظرتُ إلى بيتها الجميل
كتَب - يكتُب - كتابة,,,نسَخ - ينسَخ - نسخا,,
انتهى - ينتهي - انتهاء,,,,بدأ - يبدأ - بدءا,
بدأ - يبدأ - بدءا,,,شرَع - يشرَع - شرعا,,
جاء - يجيء - مجيئا,,,أتى - يأتي - إتيانا,ذهب - يذهب,
ربّى - يربّي - تربية,,,هذّب -يهذّب - تهذيبا,,
كان - يكون - كونا,,,صار - يصير -صيرا,,
عَمَلٌ,أعمال,,مِهنة وحِرفة,فراغ وبِطالة,أعمال الأم كثيرة جدا في اليوم
مستشفى,مستشفيات,مكان مخصص لعلاج المرض,مستوصف,,ذهبت إلى المستشفى لزيارة المريضة
شركة,شركات,مؤسسة مالية أو تجارية يشترك رأسماليها عدد من الناس لتحقيق ربح للمشتركين,مصنع,,أخي يعمل في شريكة 
مصنع,مصانعُ,,,,
طبيب,أطبّاءُ,,دكتور,,
دكتور,دكاتِرة,,,,
هندسةٌ,,علم يبحث في الخطوط والأبعاد والزوايا والسطوع,,,
صيدلةٌ,,علم يبحث في العقاقير وتركيب الأدوية,,,
تمريضٌ,تماريضُ,مهنة في مساعدة الطبيب على معالجة المرض,,,
طيرانٌ,,العلم الذي يهتم بالمواصلات الجوية,,,
طيّارٌ,طيّارون,,,,
مرحلة,مراحلُ,فترة من فترات التعليم,,,
طفلٌ,أطفال,الولد الذي لم يبلغ من الحلم,ولدٌ (ج) أولادٌ,,رزقنا الله لنا سبعة أطفال
مرحلة روضة الأطفال,,"مرحلة رياض الأطفال من أهم المراحل التعليمية، حيث تساعد في تكوين شخصية الطفل وتطوير مهاراته",,,
المرحلة الابتدائيّة,,"المرحلة الأولى من التعليم الأكاديمي بعد رياض الأطفال، حيث ينتقل الأطفال من عمر 6 إلى 12 عامًا تقريبًا لتلقي التعليم الأساسي",,,
المرحلة المتوسطة,,"المرحلة الوسطى مِن سُلَّم التعليم؛ بحيث يسبقه التعليم الابتدائي ويتلوه التعليم الثانوي، ويشغل فترة زمنية تمتد من الثانية عشرة حتى الخامسة عشرة من العمر ومدتها ثلاث سنوات",,,
المرحلة الثانويّة,,المرحلة الأخيرة من التعليم المدرسي هو فترة تعليم المراهقة أي للطلاب ما بين سن 11 عاماً وحتى سن 19 عاماً. ويختلف التقسيم في العمر بين بلد وأخر,,,تخرجت من المرحلة الثانويّة بعد السنة
المرحلة الجامعيّة,,تشكل الجامعات والكليات الصغرى لب مؤسسات التعليم العالي. مدة الدراسة للمرحلة الجامعية عادة ما تكون 4 سنوات,,,جلست في المرحلة الجامعيّة الآن
مرحلة الماجستير,,"هي مؤهل أكاديمي ينضم فئة الدراسات العليا، وهو أول خطوات الدراسات العليا. حيث يساعد الحصول على هذه الدرجة الطلاب على دراسة تخصص معين بصورة عميقة   ومدّة تتراوح بين سنة إلى سنتين (وهو الغالب) أو أكثر، حسب تفرغه للانتظام في الدارسة.",,,التحقت في الماجستير قبل سنة
مرحلة الدكتوراه,,"درجة الفلسفة في تخصص معين. وهي شهادة جامعية تمنحها الجامعات المعترف بها، وهي أعلى شهادات التخصّص في مجال ما",,,تخرجت الأستاذة في مرحلة الدكتوراه
أحبّ - يحِبّ - حبًّا ومحبّة,,,رغِب - يرغب - رغبة (في),كره,أحب الشيء الذي يقربني إلى حب الله
كرِه - يكرَه - كُرْها,,,رغب - يرغب (عن),أحبّ,أكره من يكره الإسلام
مُعجم,معاجِمُ,,قاموس (ج) قواميسُ,,
قلم,أقلام,,,,
ريال,ريالات,,,,
قراءة,,مطالعة,,,
قاعدة,قواعدُ,,,,
دفتر,دفاتِرُ,,كراسة (ج) كراسات,,
خِيارة,خِيار,,,,
دينار,دنانيرُ,,,,
امرأة,نساء,,,مرْء / رجل (ج) رِجال,
ملح,أملاح,,,,
بيضة,بيض/ بيوض,,,,
مرحب,مراحِب,أهلا وسهلا,,,
بصْلة,بصل,,,,
بائع,بائعون,,تاجر(ج) تُجّار,,
طبق,أطباق,,"وعاء (ج) أوعي
ةعلبة (ج) عُلَب
إناء (ج) أوانٍ",,
قميص,قمصان / أقمصة,,,,
ثوب,أثواب,,,,
هنا,,اسم إشارة للقريب,,هناك = للبعيد,
قِسْم,أقسام,,"فرع (ج) فروع
جزء (ج) أجزاء
 نوع (ج) أنواع",,
لون,ألوان,,,,"أبيضُ (مؤ) بيضاءُ، أسودُ (مؤ) سوداءُ،
أزرقُ (مؤ) زرقاءُ.
أصفرُ (مؤ) صفراءُ،
أحمرُ (مؤ) حمراءُ،
أخضرُ (مؤ) خضراءُ."
قال - يقول - قوْلا,,,تحدّث يتحدث تحدثا / تكلّم يتكلم تكلما,,
طلب - يطلُب - طلبا,,"مراد، مرغوب فيه",,,
تفضّل - يتفضَّل - تفضُّلا,,,,,
تسوّق - يتسَّوق - تسوّقا,,,,,
خدَم - يخدِم - خِدْمَة,,,ساعد يساعد مساعدة,,
رحّب - يرحّب - ترحيبا,,أهلا وسهلا,,,
سمح - يسمَح - سَماحا سماحة,,,"أذِن يأذَن إذْنا
وافق يوافق موافقة (على)",,
الجو,,,"الهواء، الطقس",,
دافِئ,,,ساخِن,"بارِد، حارّ",
سماء,سماوات,,,,
فصل الربيع,,الجو معتدل,,,
فصل الشتاء,,الجو بارد جدا,,,
فصل الصيف,,الجو حار جدا,,,
فصل الخريف,,السماء تمطر,,,
خارج,,,,داخل,
مُبتلّ,,,جافّ,مبلول,
مِظلّة,مظلات,,,,
غدا,,,,أمس,
حار,,,,بارد,
الحر,,,,البرد,
الحرارة,,,,البرودة,
تحت,,,,فوق,
صفر,,,,,
قضى – يقضي - قضاء,,,أدّى – يؤدّي - أداء,,
خيمة,خيمات,,,,
شاطئ,شواطئُ,,,,
البَرّ,,,,البحر,
أمطر – يُمطِر - إمطارا,,,,,
ترك – يترُك - ترْكا,,,,أبقى – يبقي - إبقاء,
بقِي – يبقي - بقاء,,,,مكث – يمكُث - مُكُوْثا,
تكلّم – يتكلم – تكلما (مع),,,,تحدّث – يتحدث - تحدثا,
أحضر – يحضِر - إحضارا,,,,حمل – يحمِل - حَمْلا,
إنسان,ناس,أحد أفراد البشر,,حيوان,
مكان,أماكن / أمكِنةُ,موضِع,,,جلسنا في مكان واسع.
مدير,مديرون,الشخص المسؤول عن إدارة عمل ما.,,,قابَلت مدير شركة أمس.
شركة,شركات,مؤسسة مالية أو تجارية أو غير ذلك يشترك في رأسمالها عدد من الناس لتحقيق ربح للمشتركين.,,,الشركات التجارية الكبرى تنجِي أرباحا كبيرة في كل العالم.
هنا,,,,هناك,
سعيد,سُعَداءُ,,مسرور (ج) مسرورون,شقِيٌّ (ج) أشقياءُ,
بحرٌ,بِحارٌ,مساحة كبيرة من الماء المالح.,,,يعيش السمك في البحر.
عمرة,عُمَرٌ,نسك يؤديه المسلم في مكة ,,,أديت العمرة في شهر رمضان.
رحلة,رحْلاتٌ / رحَلٌ,الانتقال من مكان إلى آخر للنزهة أو للتجارة.,سفر (ج) أسفار,,خرج الأصدقاء في رحلة إلى البحر.
تقريبا,,,حوالَيْ,,
مدينة,مُدُنٌ / مدائنُ,,,قرية (ج) قُرى,
بلَدٌ,بِلاد / بُلدانٌ,,,,
جواز,جوازاتٌ,,,,
جواز السفر,,دفتر أو وثيقة يحملها المسافر خارج وطنه ليبين من هو.,,,
جنسية,,صفة تلحق الشخص من جهة وطنه الأصلي.,,,
قبل,,,,بعد,
هادئٌ,,,ساكن / مطمئن,هائج,
هواء,أهويةٌ,غاز يستنشقه الإنسان والحيوان للتنفس.,,,
نقيٌّ,أنقِياءُ,,صافٍ,,
نظيف,,,,كدِر,
ضوضاءُ,,,ضجَّةٌ,هُدوءٌ,
تلوثٌ,,,تلطُّخٌ,,
مشكلة,مشاكِلُ / مشكلاتٌ,,,,
قِطار,قطارات,مجموعة من عربات السِّكة الحديدية تجرها قاطرة.,,,توقف القطار في المحطة.
ترك -ُ ترْكا,,أبقى وخلّى,,,تركت كتبي في المكتبة.
انتقل – ينتقِل – انتقالا,,تحول من حال أو مكان لآخر.,هاجر – يهاجِر – مهاجرة / هِجرة,,انتقلت الشركة من لندن إلى القاهرة.
استغرق – يستغرِق - استغراقا,,"1.      جاوز الحد
2.      أخذ مدة محدودة",,,استغرق العمل في تأليف الكتاب سنة واحدة.
تزوج – يتزوج – تزوُجا (ب),,,نَكَحَ – يَنْكِحُ - نِكاحًا,,
زار – يزور – زيارة ,,,أتى – يأتي,,
حضر -ُ حضورا,,,قدم وأتى,,حضر الغائب.
تلوّث – يتلوَّث – تلوُّثا,,,تلطّخ -َ,,تلوث الماء بالمواد الكيميائية.
ازدحم – يزدحِم - ازدحاما,,,تضايق -َ تضايقا,,
هواية,هوايات,عمل أو لعب أو شيء يحبه المرء ويقضي وقت فراغه فيه,,,هوايتي الفروسية
فراغ,,,,شُغْل,أقضي هوايتي عند وقت الفراغ
امرُؤ,المرء عند التعريف. وامرؤ عند التنكير.,,شخص وإنسان,,المرء على دين خليله
مراسلة,,إرسال الرسائل بانتظام,,,أحب مراسلة صديقتي
رياضة,,ممارسة ألعاب أو حركات تعطي البدن قوة وحيوية,,,مارست عائشة الرياضة
جمعٌ,,,ضمٌّ,,هواية أحمد جمع الطوابع
مجلّة,مجلّات,صحيفة أسبوعية أو شهرية أو فصلية,,,قرأ أبي المجلات المتنوعة
مكتبة,مكتبات,مكان لجمع الكتب وحفظها,,,المكتبة الوطنية تقع في جاكرتا
مفيد,,,نافع,ضارّ,افعل شيئا مفيدا
معرِض,معارضُ,مكان تعرض فيه نماذج من المنتجات العلمية أو الفنية أو الصناعية وغيرها,,,أذهب إلى الرياض لزيارة معرض الكتب الإسلامية
جَناح,أجنِحة وأجنُح,ما يطير به الطائر,قسم (ج) أقسام,,ليت لي جناحين لأطير إلى أمكنة شئت
طابع,طوابعُ,ورقة صغيرة تلصق على الرسالة,,,جمع الطوابع هو هواية عنيقة
حديث,أحاديثُ,,كلام,,أحبت النساء الحديث
صحيفة,صُحُف,ما يكتب فيه من ورق ونحوه,,,عدد صحف إبراهم 10 صحف
صحافة,,مهنة الصحافي,,,الصحافة هي مهنة رائعة
صحافيّ,صحافيّون,الذي يكتب الأخبار في الصحف وغيرها,,,رأيت الصحافي الإندونيسي في قناة الجزيرة
تدبير,,حسن القيام,تنظيم وترتيب وتخطيط,,المفروض من كل الرئيسات مهارة التدبير الجيدة
سِباحة,,الغوص في الماء والانسباح فيه وهي من الرياضات البدنية,,,سبح السابح في المسبح سباحةَ السمكة
فُرُوسِيّة,,ركوب الخيل (فرس وحصان),,,انضمّ محمد إلى جمعية الفروسية
فرد,أفراد,,شخص (ج) أشخاص,,الصدق واجب على كل فرد
ممتاز,,,مُتفوِّق,,ذلك الطالب متكاسل لكنه ممتاز
قرأ ﹷ قراءة,,,,,أقرأ القرآن وأحفظه عن ظاهر قلب
راسل -ِ مراسلة,,إرسال الرسائل بانتظام,أرسل –ِ إرسالا,,أحب أن أراسل عائشة لأنها ترد الرسالة سريعة
زار -ُ زيارة,,,,,سأزورك هذا الأسبوع
دبّر -ِ تدبيرا,,,نظّم -ِ تنظيما /خطط -ِ تخطيطا /رتّب -ِ ترتيبا,,دبّر رئيس الجمهورية كل الأمور السياسية
سبح ﹷ سِباحة,,رياضة مائية,,,سبح الطفل في البِركة والأم غاضبة عليه
هوِي -َ هواية,,,أحب -ِ حبا,,لعل الله يجمعني ومن هويت في الجنة الأعلى
هوَى -ِ هوى,,,سقط -ُ سقوطا,,هوت النفس السيئة
انزلق -ِ انزلاقا,,,عثر -ُ عثرا,,انزلق الفرس
خان -ُ خيانة وخوْنا,,ترك الوفاء,غدر – غدرا (ب),وفى -ِ وفاء,خان المنافقون
موظَّف,موظفون,أي شخص يشغل وظيفة تشريعية أو تنفيذية أو إدارية أو قضائية,عامل,"بطّال، عاطل من العمل",قام موظف بتفتيش التذكرة في المطار
مسافر,مسافرون,الشخص الذي يخرج للارتحال,"ابن السبيل، راحل","راجع، قادم",صلى المسافر في المسجد قريب من بيت
تذكرة,تذاكرُ,ورقة أو بطاقة تعطى لمن يريد السفر أو يريد الدخول إلى قاعة أو مكان ما,بطاقة (ج) بطاقات,,فقدت تذكرة زوجتي في المطار
خطة,خطوط,الطريق أو المنهج الذي يستأنس به للوصول إلى هدف محدد,تصميم,إهمال,حجز على الخطوط الإندونيسية
جواز السفر,جوازات السفر,,,,هذا جواز السفر لأختي
طائرة,طائرات,,,,تغادر الطائرة في الساعة السادسة
حجز,حبس,الإطلاق,,,الحجز جاهز الان
سعيد,سُعداءُ,,مسرور وفرِح,شقِيّ,عطلة سعيدة يا صديقتي
مطار,,مكان مغادرة الطائرات وهبوطها,,,ذهبت إلى المطار لمقابلة أخي
طائرة,طائرات,وسيلة من وسائل النقل,,,رأيت الطائرة في السماء
تأكيد,,بيان قوي وواثق للحقيقة,إثبات,ريب وشك,طلب المسافر إلى الموظف تأكيد الحجز
خدمة,خِدَم,عمل لدى شخص آخر أو ساعده,,,قام عزيز بخدمة في بيت القرآن
رحلة,رحلات,الانتقال إلى مكان إلى آخر,ذهاب,,رحلة سعيدة يا صديقتي
قادم,قادمون,راجع بعد أن يذهب,عائد,ذاهب,أنا قادم من إندونيسيا
فندق,فنادقُ,مبنى ذو غرف مفروشة يقيم فيه المسافرون,,,نزلنا في فندق جميل
ضابط,ضوابطُ,حكم كلي يسري على جميع الفروع,حكم,,الخروج من الراية لا بد من الضوابط التالية
زيارة,,ذهب والتقى بالشخص أو المكان الذي يحبه,"إتيان، مجيء","ذهاب، رحيل",ذهبت إلى المدينة لزيارتك
حقيبة,حقائبُ,ما يضع فيه المسافرون أمتعتهم والطلاب كتبهم,,,حمل الطالب حقيبة صغيرة إلى المدرسة
ملبَس,ملابسُ,ما يلبسه إنسان من الثياب,زي,,كويت الملابس في الغرفة
تأشيرة,تأشيرات,ختم أو وسمة تطبع أو تختم على جواز السفر,,,فقدت تأشيرة الخروج بعد أن أذهب إلى الحمام
غادر-يغادِر-مغادرة,,ترك المكان,ذهب,وصل,غادرت الطائرة قبيل المغرب
تخرّج -يتخرَّج – تخَرُّجا (في),,أنهى تعلّمه بنجاح,,,تخرَّجتُ في المرحلة المتوسطة
حضر-يحضُر-حضورا,,قدم وأتى,أتى,غاب,حضر عمر في الفصل.
عمِل-يعمَل-عمَلا,,فعل,قام (ب),,يعمل أحمد في الشركة
فقد-يفقِد-فِقدانا,,,أضاع,وجد,فقد أحمد كل ما لديه من المال
فتح-يفتَح-فتْحا,,,انبعث,أغلق,فتحت باب البيت
قام-يقوم-قياما,,,"وقف، نهض، فعل",جلس,قام أحمد من مجلسه.
العطلة,عُطُلات وعُطْلات وعُطَل,بقاءُ العامل بلا عَمَل,,,
حولَ, أحوالٌ, الجهاتُ المحيطة به,,,
شَوط, أشواطٌ,,,,
 سُرور ,, ارتياح في القلب عند حصول نفع ,,,
لباس,ملابسُ,,,,
رأس,رُؤوس,,,,
وُقوف, (جمن) واقِف,,,,
هدي, (جمن) هَدية, ما يُساق إلى البيت الحرام من الأنعام للتَّصدُّق بلحمه بعد ذبحه,,,
شروق,(جمن) شَرْق,وقت بزوغ الشّمس,,,
غُرُوب,(جمن) غَرب,,,,
الجَمْرَةُ ,"جَمْرٌ، جِمار، جَمَرات",القطعةُ المُلتَهبة من النار,,,
قضى -ِ قضاء,,,أَنْفذ = أَمْضى,,
اعتمَر -ِ اعتمارًا,,أدى عمرة,,,
صام - صوما,,يُمْسِكُ فِيهِ عَنِ الطَّعَامِ وَالشَّرَابِ مِنْ طُلُوعِ الفَجْرِ إِلَى غُرُوبِ الشَّمْسِ,,,
صلَّى - يُصلي - صلاة,,,,,
طافَ – يطوف - طوافا,,دَارَ حَوْلَهَا,دارَ,,
فعَلَ - يَفعَل - فِعْلاً,,,,,
زارَ - يَزور -زيارةً,,,,,
شعَرَ - يَشعُر - شُعورًا,,,أحَسَّ به وعَلِمَ,,
وصَلَ - يصِل - صِلَةً ووُصولاً (إلى),,,,,وصَلَ الشَّخصُ إلى المكان
خلَعَ – يَخلَع - خَلْعًا,,,,,
لبِسَ - يَلبَس- لُبْسًا,,,,,
‏سعى‏-  يَسعَى -  سَعْيًا,,‏مشى وطاف بين الصفا والمروة,,,
حلَقَ-يَحلِق- حَلْقًا,,,,,
لبَّى- يلبِّي - تلبيةً,,لبَّى في الحجّ قال: لَبَّيْكَ اللَّهُمَّ لَبَّيْكَ,,,
انتهى -يَنتهي - انتِهاءً,,,أتمّ = أنجز = قضى,,
ذبَحَ - يَذبَح - ذَبْحًا,,قطع حلقوم الحيوان وإسالة دمه,,,
رمَى- يَرمِي - رَمْيًا,,,قذف =ألقى,,
ذهَبَ- يذهَب - ذَهابًا,,,انصرف = غادر,جاء / أتى,
زارَ- يَزور -زيارةً وزَوْرًا,,"أتاه بقصد الالتقاء به، قصده لأنس أو حاجة",,,
مستشفى,مُسْتشفَيَات,مكان للاستشفاءِ,,,
سِنّ,"أسنان وأَسُنّ، أَسِنَّة",عَظْمٌ يَنْبُتُ فِي فَكِّ الإنْسَانِ وَالحَيَوَانِ وَبِالأسْنَانِ يُمْضَغُ الطَّعَامُ,,,
أُذُن,آذان,عضو السمع في الإنسان والحيوان,,,
أَنف,أُنُوف,عضو التنفس والشَّمّ,,,
باقٍ (الباقي),,فاعل من بَقِيَ,,,
حَنْجَرَة,حَنْجَرات,"الْحُلْقُومُ، وَهُوَ العُضْوُ الْمُجَوَّفُ فِي أَقْصَى الفَمِ يُؤَدِّي إلَى القَصَبَةِ الهَوَائِيَّةِ، مَجْرَى النَّفَسِ وَالطَّعَامِ وَالشَّرَابِ",,,
موعد,مَواعِدُ,,,,
شديد,,,قوي,,
ألم,آلام,الوَجَعِ الشديد = الحُزْن وَالأَسى,,,
زُكَام,,"التهابٌ حادُّ بغشاءِ الأنْفِ المخاطيِّ يتميَّز غالبًا بالعُطاس والتَّدْميع، وإِفرازَاتٍ مُخَاطيةٍ مائيةٍ غزيرةٍ من الأَنف",,,
صُدَاع,,وجع في الرأْس تختلف أسبابه وأنواعه,,,
إِسعاف,إسعافات,تقديم العون اللازم للأشخاص المحتاجين/ معالجة سريعة لحالة مرضيّة طارئة,,,
دَواء,أَدوِية,ما يُتَدَاوَى به ويعالج,,,
راحة,راحات /راح,,الارتياحُ,,
تقرير,تقريرات وتقاريرُ,بيان تُشرح فيه مسألة أو قضيّة أو تفاصيل حادث أو نتائج دراسة ما تقرير الطبيب الشرعيّ,,,
سليم,,الجريح المشْفى على الهَلَكة,صحيح,,
صَدر,صُدور,الجزء الممتدّ من أسفل العنق إلى فضاءِ الجوف,,,
كُلية,كُلْيات  /كُلًى,عضو ينقِّي الدّم من الفضلات الأيضيَّة,,,
قَلب,قُلُوبٌ,عضوٌ عَضَلِيٌّ أَجوفُ يستقبل الدَّمَ من الأَوردة ويدفعه في الشرايين,,,
نَتيجة,نَتَائِجُ,ثمرة الشّيء,حصيلة,,
فاكهة,فَواكِهُ,ما يتلذَّذ به النَّاس من ثمار الأشجار كالتُّفّاح والعنب والخوخ ونحوها,,,
خَضراء,خَضْرَاوات,,,,
وزن,أوزان,سِنْجة الميزان,,,
حضَرَ - يَحضُر - حُضورًا,,,,غاب,
أصابَ - يُصِيب - إصابةً (ب),,,بلغ = نال,,
قابلَ – يُقابِل - مُقابَلةً,,,لَقِيَ,,
نصَحَ- يَنصَح -نُصْحًا,,,,,
تغيَّبَ - يتغيَّب -تغيُّبًا,,لَمْ يَحْضُرْ,غاب,,
ارتفعَ -يرتفِع -ارتفاعًا,,,,,
تناولَ- يتناوَل -تَنَاوُلاً,,,أكل,,
فحَصَ – يَفحَص- فَحْصًا,,اتخذ الوسائل ليعرف ما به من عِلّة,جسَّ,,
قاسَ - يَقِيس- قياسًا وقَوْسًا,,,قَدَّرَ,,
مارسَ - يمارِس - ممارَسةً,,,داوم,,
طلَبَ - يَطلُب -طَلَبًا (من),,,سأل,,
زادَ - يَزِيد - زِيادَةٌ,,,نما / كَثُرَ,,
شفَى -يَشفِي - شِفاءً,,,عافى / أبرأ,,
عِيْد,أَعياد,كلُّ يوم يُحتفَلُ فيه بذكرى حادثةٍ عزيزة أو دينيَّة,,,
شهر,"أشْهُرٌ، وشهور",جزء من اثنَيْ عشر جزْءا من السنة,,,
الفِطْرُ,,الإفْطَارُ ,,,
أَضْحى,أضحيات,عيدٌ زَمانُهُ وَقْتَ أَداءِ مَناسِكِ الحَجِّ في اليَوْمِ الْعَاشِرِ مِنْ شَهْرِ ذي الحِجَّةِ بَيْنَ ذِي القِعْدَةِ وَمُحَرَّم وَفيهِ يَنْحَرُ الْمُسلِمونَ الأَضاحِي,,,
زكاة,زكواتٌ,حِصّةٌ من المال ونحوه يوجب الشرعُ بذلها للفقراءِ ونحوهم بشروط خاصة,,,
فَقير,فُقراءُ,,,,
أهل," أهْلُونَ، أهَالٍ (الأهَالِي)",,أسرة,,
شخص,أشخاص,كلُ جسمٍ له ارتفاعٌ وظُهُورٌ,إنسان,,
أُضحيَّة,أُضْحِيات / أضاحٍ (الأضاحي),,,,
صديق,أصدِقاءُ,,صاحب,,
رأي, آراء,,,,
فِكرة,فِكَر,الصُّورَةُ الذهنيّةُ لأمر ما ,,,
نَهْر,أَنهارٌ /أنهُرٌ / نُهُرٌ,,,,
طَيِّبَةٌ,,كلُ ما خلا من الأَذى والخَبَث,حسنة,,
الجو,أجواء وجِواء, الفَضَاءُ بين السَّماء والأَرض,,,
بَحر,أَبْحُر وبِحار وبُحور,,,,
رخيص,أرخاص,مَا يُكُونُ ثَمَنُهُ قَلِيلاً غَيْرَ مُرْتَفِعٍ وَجَدَ كُلَّ البَضَائِعِ رَخِيصَةً,,غالٍ,
غالٍ,أغلاء,,,رخيص,
يوم,أيّام,زمنٌ مِقدارُه من طُلوع الشمس إِلى غروبها,,,
فريق,,,طائفة/ مجموعة,,
مكتبة,مكتبات,,,,
مزرعة,مَزارِعُ, أرض يقوم الناس بزراعتها,,,
جَوّال,جوّالة,فرقة رياضية تجوب البلادَ سيرًا,,,
مَتحَف,مَتاحِفُ,المكان المخصّص لحفظ وتوثيق وعرض وصيانة التراث الإنساني والطبيعي والتطوّر العلمي والفني ونشر المعرفة والتوعية بين الجماهير,,,
جَبَل,جِبَال,,,,
ابن,أبناء,,,,
جدّ,أجداد,,,,
قَرية,قُرًى,,,مدينة,
عاصِمة,عواصمُ,مدينةٌ يُدَارُ حُكم البلاد منها وتقع فيها أهمُّ مؤسَّساتِ الدَّولة,,,
أعطى- يُعطى - إعطاءً,,,وهب,,
سافرَ- يسافِر- مُسافَرة ,,,رَحَلَ,,
 اقتربَ - يقتَرِب -اقْترابًا,,,دنا,,
رأَى - يَرَى - رُؤيةً,,,نظر,,
ساعدَ – يُساعِد - مُساعَدةً ,,,أعَانَ,,
عِنَايَةٌ (بِـ),,,اهْتِمَامٌ (بِـ),,
عَسَلٌ,أعْسَالٌ/عُسُوْلٌ,الصافي مما تُخْرجُه النحلُ من بطونها,,,
شِفَاءٌ,أَشْفِيَةٌ,,بُرْءٌ / عَافِيَةٌ,,
مَعِدَةٌ,مَعِدٌ,مكان الطعام والشراب في البطن,,,
قِصَّةٌ,قِصَصٌ,,خَبَرٌ / حِكَايَةٌ,,
صَحَابِيٌّ,صَحَابَةٌ,من لقي النبي صلى الله عليه وسلم مؤمنًا به ومات على الإسلام,,,
بَطْنٌ,أبْطُنٌ / بُطُونٌ,,,,
مَحَلٌّ,مَحَلَّاتٌ,,دكَُّانٌ (ج) دَكَاكِيْنُ ,,
مَرْكَزِيٌّ,,,أَسَاسِيٌّ,ثَانَوِيٌّ,
مَرَّةٌ,مَرَّاتٌ,,,,
حِمْيَةٌ,حِمْيَاتٌ,الإقلالُ من الطَّعام ونحوه مما يضر,,,
دُهنٌ,دُهُوْنٌ,مادة جامدة بيضاء في الحيوان أو النبات,شحمٌ,,
مَشْغُوْلٌ,مَشْغُوْلُوْنَ,,,فَارِغٌ,
حَالَةٌ,,,وَضْعٌ / هَيْئَةٌ,,
خَطِيْرٌ,خُطُرٌ ,,فَتَّاكٌ,,
دُكتُورٌ,دَكَاتِرَةٌ,,طَبِيبٌ,,
عَادِيٌّ,,,طَبِيعِيٌّ,,
لاَبُدَّ (من),واجب,,,,
وَحْدَهُ,فَقَط,,,,
حَلْوَى,حَلَاوَى,,,,
مُرَبَّى,مُرَبَّيَاتٌ,ما يعقد بالسكر أو العسل من الفواكه,,,
عَصِيْرٌ,عَصَائِرُ,,,,
نَشَوِيّات,,الأغذية التي تحتوي على نسبة عالية من النَّشا كالبطاطا والخبز والبطاطس وغيرها,كربوهيدرات,,
جُبنٌ,أَجْبَانٌ وجُبَنٌ,ما جُمِّدَ من  اللَّبَن وصُنِع بطريقةٍ خاصة,,,
سَمِيْنٌ,سِمَانٌ,كثير اللحم والشحم,بَدِيْنٌ,نَحِيْفٌ,
لَحْمٌ,لُحُوْمٌ,,,,
شَحْمٌ,شحوم (جمع شحمة),مادة دهنية تستخرج من الحيوان أو النبات وغيرهما,,,
نَحِيْفٌ,نِحَافٌ ونُحَفَاءُ,,,,
مَرِيضٌ,مَرْضَى,,,صحيح,
صَحيح,أَصِحَّاءُ وصِحَاحٌ,السليم من العيوب والأمراض,,,
مَرَضٌ,أَمْرَاضٌ,,,,
أَمْرَاضُ القَلْبِ,,مصطلح واسع يُستخدم لوصف مجموعة من الأمراض التي تؤثر في القلب,,,
السُكَّرِيُّ,,باللاتينيةDiabetes mellitus) ) هو مجموعة من أمراض الغدد الصماء الشائعة التي تتميز بارتفاع مستمر في مستويات السكر في الدم.,,,
ضَغْطُ دَمٍ,,هو قوة دفع الدم على جدران الأوعية الدموية التي ينتقل خلالها لإمداد كافة أنسجة الجسم وأعضائه بالغذاء والأكسجين والماء والإنزيمات فيما يعرف بالدورة الدموية,,,
بَدَانَةٌ,,ضخامة بدن,,,
سكريات,,جزيئات بسيطة قابلة للذوبان بالماء وذات مذاق حلو,,,
دُهْنٌ,دُهُونٌ,مادة فى الحيوان والنبات دسمة جامدة فى درجة الحرارة العادية,,,
عَالَجَ - يُعَالِجُ - عِلاجٌ,,,دَاوَى – يُدَاوِي مُدَاوَاةً,,
اشتَكَى - يَشتَكِي - اشتِكَاءً (مِن),,,تَأَلَّمَ - يَتَأَلَّمَ / مَرِضَ - يَمْرَضُ,,
أمَر - يأمُرُ - أَمرًا (بــــ),,,كَلَّفَ - يُكَلِّفُ - تكليفا,نَهَى – يَنْهَى- نَهْياً (عن),
سَقَى - يَسْقِي - سَقْياً,,,أَشْرَبَ - يَشْرَبُ - إشراباً,,
وُجِد - يُوجَد,,,,ضَاع-يضَع-وَضَعاً,
حَدَثَ – يحدُث حُدُوثاً,,,وَقَعَ – يَقَعُ -  وُقُوْعاً,,
اعْتَقَدَ - يَعْتَقِدُ - اعتِقَادًا (أنّ),,,ظَنّ - يظُنّ - ظنّا,,
اتّبع – يتّبع -  اتّباعا,,,عمِل – يعمل عملا,,
كفى – يكفي كفاية,,,أغنى – يُغني إغناء,احتَاج – يحتاج  - احتياجاً,
تشابه – يتشابه تشابُها,,,تَماثَلَ – يتمَاثَل تماثُلا,اختلف – يختلف - اختلافا,
فكّر – يفكّر- تفكيرا (في),,,تَأَمَّلَ – يتَأَمَّلُ - تَأَمُّلاً,,
زَاد – يَزِيدُ- زِيَادَةً,,,أَضَافَ – يُضِيْفُ إِضَافَةً,نَقَصَ – يَنقُصُ - نَقْصاً,
حَاوَلَ – يُحَاوِلُ-  محاولة,,,اجْتَهَدَ – يَجْتَهِدُ اجْتِهَاداً,,
نجَح – ينجَح - نجاحا,,,ظَفِرَ – يَظْفَرَ ظَفَراً / فَازَ – يَفُوزُ,فَشِلَ – يَفْشَلُ فَشَلاً,
ظَلّ – يظَلُّ,,,دَامَ – يَدُومُ / ما زال,,
اختَلَفَ - يَختَلِفُ - اختلافا,,,افتَرَقَ-يَفْتَرِقُ - افتِرَاقًا,اتّفق - يتّفق  - اتّفاقا,
وَجَبَ – يَجِبُ وجوبا,,,,لَزِمَ – يلزَم -  لزوما,
تناول- يتناوَل- تناوُلا,,,أكل- يأكل- أكلا,,
ابتَعد- يبتعِد (عن),,,,اقترب-يقترب (من),
حذّر- يُحَذر (من),,,أَنْذَرَ- يُنْذِرُ,,
عَجِيْبٌ,,ما يدعو إلى العَجَب,,,
مسْتَشْفَى,مستشفيات,مكان يعالج فيه الناس,,,
عطلةٌ,,"وقت لا عمل فيه، ولا دراسة",إِجَازَةٌ,,
شَرِكَةٌ,شَرِكَاتٌ,مكان يعمل فيه الناس,,,
بَلَدٌ,"بِلَادٌ، بُلدَانٌ",مكان يقيم فيه الناس,,,
جميل,جُملاءُ,,حَسَنٌ,قبيح,
نَشَاطٌ,أَنشِطَةٌ/ نَشَطَاتٌ,ممارسة فعليّة لعمل ما,,,
عَنَاءٌ,,,"تَعَبٌ، مَشَقَّةٌ",,
عَقْلٌ,عُقُولٌ,,لُبٌّ (ج) ألبَابٌ,,
جِسمٌ,أَجسَامٌ,,جَسَدٌ (ج) أَجسَادٌ,,
هَدَفٌ,أَهدَافٌ,,غَايَةٌ (ج) غَايَاتٌ,,
حَدِيقَةٌ,حَدَائِقَ,كُلُّ أَرْضٍ ذَاتِ شَجَرٍ مُثمِرٍ ونَخل أحاط به حاجز,بُستَانٌ,,
شَاطِئٌ,شَوَاطِئُ,يابس على طول حافّة محيط أو بحر أو بحيرة أو نهر,,,
لَعِبٌ,ألعَابٌ,لَهوٌ وتَسلِيَةٌ,,,
حَاسُوبٌ,حواسِيبُ,,,,
مُخَيَّمٌ,مُخَيَّمَاتٌ,المكان نصبت فيه الخيام,,,
صَيْدٌ,صُيُودٌ,ما يصاد من السمك والطير والوحش,,,
سَمَكٌ,"سِمَاكٌ، سُمُوكٌ، أَسْمَاكٌ",,,,
مُتحَفٌ,مَتَاحِفُ,موضع التحف الفنية أو الأثرية,,,
مُتْعَةٌ,مُتُعَاتٌ ومُتَعٌ,ما يتمتع به من الصيد والطعام,لَذَّةٌ,,
قَوِيٌّ,أقوياء,,عَزِيزٌ,ضعيف,
سِبَاحَةٌ,,هي من الرياضات البدنية,عَوْمٌ,,
رِمَايَةٌ,,نوع من الرياضة تعتمد رمي السهام,,,
رُكُوبٌ,,مصدر من رَكِبَ - يَركَبُ,,,
خَيْلٌ,أَخيَالٌ وخُيُولٌ,جماعة الأفراس,حِصَانٌ,,
نَفْسٌ,نُفُوسٌ,,رُوحٌ (ج) أَرْوَاحٌ,,
وَرَقَةٌ,أَورَاقٌ,,,,
نوَعٌ,أَنوَاعٌ,,فَرِيقٌ,,
خير,أفضل,,,,
قَتلٌ,,مصدر قَتَلَ -يَقْتُلُ,إنِهَ‍اءٌ / قَضَاءٌ,,
شِعْرٌ,أَشعَارٌ,,,,
قُوَّةٌ,,مصدر قوَِيَ- يَقْوَى,,ضَعْفٌ,
فقط,,,فحسب,,
مَصِيفٌ,مَصَايِفُ,مكان لقضاء العطلة في فصل الصيف,,,
لاَ مَانِعَ,,,لاَ بَأْسَ,,
حَيثُ,,يدل على مكان وزمان,,,
عِدَّةٌ,عِدَدٌ,,,,سأبحث عدة كتبٍ في المكتبة
بَرٌّ,بُرور,,,,
صَحرَاءُ,صحارى وصَحارٍ (الصحاري),,,,
طائر,طير / طيور,,,,
مَشْيٌ,,مصدر مَشَى- يَمْشِي,,,
وَسِيلَةٌ,وَسَائِلُ,"كلّ ما يتحقَّق به غرض معيّن، يقابلها غاية",سبب (ج) أسباب,,
إناء,أوانٍ (الأواني),,وعاء (ج) أوعية,,
حَسب,أحسَاب,,,شَرَفٌ ,
روّح – يروح - ترويحاً (عن),,,سلّى – يسلّي-تسليةً,,
قَصَدَ - يَقْصِدُ -قصداً,,,عنى يعني عنواً,,
احتاج – يحتاج - احتياجاً (إلى),,,,أغنى ـِ إغناءً,
غَيّر – يُغير- تغييراً,,,بدّل ـِ تبديلاً,,
عنِي ـ- يعنَى - عناءً,,,تعِب ـَ تعَباً,,
صاد - يصيد- صيداً,,,اصطاد ـَ اصطياداً,,
ناقش ـِ يناقش – مناقشة (في),,,شاور ـِ يشاور- مشاورة (في),,
سبَح- يسبَح- سِباحة,,,عام -يعوم -  عوماً,,
أحسن ـ- يُحسِن  إحسان,,,أجاد- يُجيد- إجادة,,
رَأَى- يَرَى -رَأْيٌ/ رؤية,,,,,
خَيَّمَ – يخيّم – تخييما,,نصْب الخيمة,,,
صوّر – يصوّر – تصويرا,,,رسم – يرسُمُ – رسما,,
أعدّ – يعِدّ – إعدادا,,,جه‍ّز,,
نَصَب – ينصِب – نصْبا,,,أقام,,
ذُو/ ذا /ذي,صاحب,,,,ذات مال: صاحبة مال
قَلِقٌ,مُضْطَرِبٌ,,,مُطْمَئِنٌّ,
فَتَاةٌ,فَتَيَاتٌ,,شَابَّةٌ (ج) شَابَّاتٌ,,
مُنَاسِبٌ,,,مُلَائِمٌ ,,
دِيْنٌ,,,أَدْيَان ٌومِلّةٌ,,
زَوَاجٌ,,,نِكَاحٌ,طَلَاقٌ,
يَدٌ,أَيْدٍ (الأَيدِي),"من أَعضاء الجسد، وهي من المنكب إِلى أَطراف الأَصابع ",,,
شَكْوَى,شَكَاوَى,,,,
زَوجانِ,,زوجٌ وزَوجتُه.,,,الزوجان يعيشان حياة سعيدة.
خِلاَفٌ,خِلاَفَاتٌ,اسم مصدر اختلف- يختلف,,اتِّفَاقٌ,حدث خلاف في إندونيسيا عن بداية شهر رمضان.
شَابٌّ,شَبَابٌ,شخص في عمر ما بين 20 إلى 40 تقريبا.,فتى (ج) فِتيان,,الشباب مفتاح تقدُّم الأمة.
شَكوَى,شَكَاوَى,كلام يعبر عما في النفس من الضيق والألم.,,,يسجل الكاتب شكاوى الطلاب ليخبر المدير بها.
حَقِيقَةٌ,,,,الخَيَالُ,الحقيقة أشد مما يقال عنها.
شَخصِيّة,شَخصِيَّاتٌ,مجموعة الصِّفات التي تميِّز الشَّخص عن غيره فلان,,,اجتمعت شخصيات كثيرة في جامعة الراية.
حَلٌّ,حُلولٌ,ما يفرج به المشكلة,,,المدرسون يبحثون عن حل مشكلة التأخر لدى الطلاب.
هَاتِفٌ,هَوَاتِفُ,ما يتصل به بين شخص وآخر,جوال,جوالات,أتصل بأختي عبر هاتف المعهد.
سَبِيلٌ,سُبُلٌ,,طَرِيقٌ (ج) طُرُقٌ,,لا نتبع سبيل الشيطان.
مؤَدّبَةٌ,,اسم مؤنث من مؤَدَّب,مهَذّبَة,,هذه الطالبة مؤدبة جِدا فالجميع يحبونها.
مُطِيعَةٌ,,اسم مؤنث من مطيع,خَاضِعَةٌ,عَنِيدَةٌ,أفضل النساء المرأة المطيعة.
تَسَحُّرٌ,,الأكل في وقت السحور.,,,تطبخ أمي للتسحر.
نِظَامٌ,أَنظِمَةٌ,ما تقام ليطاع.,,,على جميع الطالبات طاعة أنظمة المعهد ما دُمْنَ فيه.
مُعْظَمٌ,,,"أغْلب، أكثر",,أغلبُ ُالطالبات لا يأكلن لحمَ الغنم.
مُهمِلَة,,التي لا تبالي بما جرى حولها.,,مهتمّة,المرأة المهمِلة ستندم في النهاية.
حَوْلٌ,,,قُدرة,,ليس لرجل حول إلا من ربه.
عَنِيدٌ,عُنُد,,,,المرأة العنيدة لرجل عنيد.
فِعلاً,,,حَقًّا,,أفِعلا ترغبين في الزواج؟
عَلاَقَةٌ,علاقات,,,,عسى أن تتحسن العلاقة التي كانت بينكما.
فَردٌ,أفْرَادٌ,,شخص,,على كل فرد أن تهتم بشؤنه.
نَاحِيَةٌ,,,جهة,,هذا الرأي جميل من ناحية أخرى.
مُتعَبٌ,,شخص يشعر بالتعب.,مُرهَقٌ,,الزوج متعب بسبب عمله.
وَحده,,,مُنفَرِدًا,,الرشيد ينجز عمله وحده.
مُجتمع,مجتمعات,,,,أعيش في مجتمع مسلم.
حَديثٌ,,,كلام,,أستمع إلى حديث صديقتي الحبيبة.
نَائِمٌ,نَائِمُونَ,الشخص الذي ينام,,,الأستاذ يوقظ طالبه النائم في الفصل.
قلِق ـَ قلَقاً,,,اضطرب-ِ اضطرابا,,
حقّق ـ ِ تحقيقا,,,أَتَمَّ -ِ إتماما,,
ظفَر ـِ ظَفْرا (بـــ),,,فاز- يفوز- فوزا,,
تَرِب ـَ تَرَبًا,,,خَسِر- يَخْسَرُ – خُسْرانا,,
عَرَف - يَعرِف - معرفة,,,علِم – يعلم – علما,,
عجِز – يعجِز (عن),,,,استطاع,
عجِز-يعجِز-عَجْزا (عن),,عدم القدرة على فعل شيء.,,استطاع-يستطيع-استطاعة,عجز الأم عن رفض طلب ابنها.
قابل-يقابل-مقابلة,,,واجه-يواجه-مواجهة,,سأقابل صديقتي بعد شهر.
ثارَ-يَثُور-ثَورَةً,,,غضب-يغضب-غضَبا (على),,ثار المجتمع بسبب الإشاعات من التلفاز.
عاد-يعود-عوْدة,,,رجع-يرجع-رجوعا,,سنعود إلى الجامعة بعد شهرين.
اختلف-يختلف-اختلافا,,,,اتفق-يتفق-اتفاقا,يختلف الطلاب في أمر الزواج.
حَلّ-يَحُلّ-حَلاّ,,حل المشكلة أي يبحث عن حلها.,,,سأحل هذه المشكلة فرديا.
سهِر-يسهَر-سهرا,,لا ينام ليلا ويفعل شيئا آخر.,,نام-ينام-نوما,سهر الطالب ليلة الاختبار.
عاش-يعيش-عيشا,,,,مات-يموت-موتا,يعيش السمك في الماء ويموت في الهواء.
درى-يدري-دراية,,,عرف-يعرف وعلم-يعلم,,ألم تدرِ أن اليوم موعد الاختبار؟
تَغَير-يتَغير-تغيرا,,,تبدّل-يتبدّل-تبدّلا,,تغير أخي بعد التحاقه بالجامعة.
أهمل-يهمِل-إهمالا,,,غفِل-يغفَل-غفلة,اهتمّ-يهتم-اهتماما (ب),لا تهملي واجباتك يا حسناء.
اختفى-يختفي-اختفاء,,,,ظهر-يظهر-ظهورا,تختفي الشمس وراء غيوم السحاب.
ضمّ-يضُم-ضما,,,جمع-يجمع-جمعا,,أضم الأوراق بيدي.
نظُفَ-ينظُف-نظافة,,أصبح نظيفا.,,,نظُفت الغرفة بعد العمل الجماعي.
ولد,أولاد,,ابن (ج) أبناء,,ذهب الولد إلى المدرسة
مزرعة,مزارع,مكان للزراعة,,,بيتي قريب من المزرعة
زارع,زارعون و زُرّاع,الذي يزرع,,,
جار,جيران,,,,ركب جاري الفرس
حادِثٌ,حوادث / حوادث,,,,
حيِي  ﹷ  حياة,,"لنمو، والبقاء، والمنفعة للكائنات الحيّة،",عاش ﹻ عيشا,مات ﹹ مَوتا,
رحل ﹷ رحيلا / ترحالا (إلى),,,سافر ﹻ / سار ﹻ,,رحلت إلى الجبل
مَلْيون / مِلْيُون,ملايين,ألف ألف وتكتب هكذا (1.000.000),,,لدي مليون لشراء تذكرة الرجوع
ساكن,سكّان,الذي يسكن,,,
جريمة ,جرائم,,جِناية (ج) جنايات,,حدثت الجريمة في المدن
بالرغم (من),,,مع أن / مع ذلك,,
دولة,دول,,بلد (ج) بلدان/ بلاد ووطن  (ج) أوطان,,
قَرنٌ ,قرون,مئة سنة,,,
نحو,أنحاء,,تقريبا / حوالي,,
عَلَم,عوامل,الفصلُ بين الأرَضين,بلد (ج) بلدان,,
نِسبَةٌ,نِسَبٌ,مقدار العلاقة بين شيئين,,,
عدد,أعداد,مقدار ما يعد ويحسب,,,
مليار,مليارات,,,,
رِيفٌ,أَريَافٌ,,قرية,,
زراعة,,مصدر زرَع-يزرَع,الفلاحة,,
ازداد ﹷ ازديادا,,,زاد ﹻ زيادة / كثُر ﹹ كثرة,,
رعى ﹷ رعيا / رِعَاية,,,,,
أدرك ﹻ إدراكا,,,علِم ﹷ علما / عرف ﹻ معرفة,,
بنَى ﹻ بناء,,,أنشأ ﹻ إنشاء ,هدَم ﹻ هدما,
بلَغ ﹹ بلوغا,,,وصل ﹻ (إلى),,
غَرب,,جهةُ غروب الشمس,,,
شَارِعٌ,شوارع,طريق في البلدة أو المدينة,طريق (ج) طرق / طرقات,,
إشارة,,رمز أو علامة تدل على حركة ما,,,
يَسِيرٌ,,,سَهلٌ,,
دَوَّارٌ,,,متجول / متحرك,,
يَمِينٌ,,خلاف يسار للجهة واليد والساق,,يَسَارٌ,
زَاوِيَةٌ,زَوَايَا,المسافة لواقعة بين ضلعين في لبشكل الهندسي,,,
مِترٌ,أَمتَارٌ,,,,
أمامَ,,,مقابل,,
وقع -َ وقوعا,,,صار -ِ صيرورة (فيه),,
اتّجه -ِ اتجاها,,,ذهب (إلى) / قصد -ِ قصدا,,
أضاء-يضيء-إضاءة,,,أنار -ِر إنارة,,
انعطف -ِ  انعطافا,,,مال -ِ نيلا / انحدر -ِ انحدارا,,
استمرَّ -ِ استمرارا ,,,واصل -ِ مواصلة,,
مَقَرٌّ,مَقَارٌّ,موضع الإقامة,,,
إمبراطور,أباطرة,لقب من ألقاب الحاكم,كيصرية,,
حكومة ,,الأشخاص الذين يقومون بتدبير شؤون الدولة من الدول,,,
مصرِف,مصَارف,مكان لحفظ الأموال وتقديم القروض,بنك (ج) بنوك,,
عمارة ,عمائر وعمارات,مبنى ذو طوابق,,,شقة زوجة ابن مدير في هذه العمارة
زِلزال,زلازِل,حركة الأرض,,,
أثر,آثَار ,ترك فيه أثرا / أشياء قديمة,,,
مِئذَنَة ,مآذن ,موضئ الأذان,المنارة,,
فَقْرٌ,,,,غِنى,
جريمة,جرائم,,,,
مُخَدِّرَاتٌ,,مادة تجعل الإنسان يفقد الوعي,,,
عاصمة,,المدينة الرئية في البلد,,,
عالية,,,مرتفعة,منخفضة,
هَرَمٌ,,شكل هندسي كثير السطوح واحد أوجهه مضلع يسمى قاعدة الهرم,,,
كثُر -ُ كثرة,,أصبح كثيرا,,قلّ -ِ قلّة,
هاجر -ِ هجارة / هجرة / مهاجرة,,ترك بلده إلى بلد آخر,انتقل -ِ انتقالا,,
اشتهر -َ اشتهارة,,,انتشر-ِ انتشارة,,
أنشأ -ِ إنشاء,,,بنى -ِ بناء,,
وَرقَة,أوراق,,,,
تقدير,,,تقويم,,
عميد,عمداء,مدير الكلية في الجامعة,,,
أدب,آداب,,,,
لا عجبَ,,,لا غرابةَ,,
فرصة,فرَصٌ,وقت مناسب,,,
شهادة,شهادات,الإدلاء أو الإخبار بما رأى وعلم,,,
موطن,مواطن,كلّ مكان أقام به الإنسان لأمر,ساكن ج سكّان,,
جَمَلٌ,جِمال,,إبل ج آبال,,
أَجرٌ,أجور,,مكافأة / راتب,,
شبكة,شِباك,كل شيء متداخل يصل شيئا بآخر مثل شبكة الكهرباء,,,
حَقٌّ,حقوقٌ,,,,
حضارة,,,تَمَدُّن,بداوة,
عظيمة,,,كبيرة,,
فلَكٌ,أفلاكٌ,علم يبحث فيه عن الأجرام العلوية وأحوالها,,,
فريضةٌ,فرائِضُ,,واجب,,
حَضانَة,,الولاية على الطفل ورعايته,,,
خلال,,,أثناء,,
جيّدٌ,,,حسن,,
جيّد جدّا,,أفضل من الحسن لأنه فاقه في الجودة,,,
عادة,,في كثير من الأوقات والأحيان,,,
معْهد,معاهِد,مؤسّسة للتعليم أو البحث,,,
عُمْر,أعمار,,سنّ ج أسنان,,
دكتوراة,,الشهادة التي تمنع للدراس بعد الدراسات العليا,,,
حكوميّ,,,,أهليّ,
تمهيدي,,,إعدادي,,
مُختلف,,,متنوّعة,متساوية,
التحقَ - يلتحقُ - التحاقا (بـــ),,,انضمّ - ينضمّ - انضماما (إلى),,
قدّم - يقدّم - تقديما (إلى),,,أعطى/ سلّم - يسلّم - تسليما,,
قبِل - يقبَل - قبولا,,,رضِي - يرضى - رضًا / أخذ,رفِض - يرفُض - رفضًا,
حصَل - يحصَل -حصولًا (على),,,نالَ - ينالُ - نيلًا,,
وافقَ - يوافقُ - موافقةً (على),,,أيّد -يؤيِّد/ اتّفقَ,,
وفّقَ - يوفّقُ - توفيقًا,,,سدّدَ -يسدِّد ُ-تسديدًا,,
انتشر - ينتشِر -انتشارًا,,,تفرّق - يتفرّق - تفرقًا,,
سار - يسير - سيرًا,,,مشى - يمشي - مشيًا,,
شاع - يشيع - شُيوعًا,,,انتشَر,,
تأثّرَ - يتأثّرُ - تأثّرًا (بـــ),,,تطبّعَ - يتطبّعُ - تطبّعًا (بـــ),,
اتّصل - يتّصل - اتّصالًا (بــ),,,ارتبَطَ - يرتبِطُ -ارتباطًا,,
ترجمَ -يُترجمُ -ترجمةً,,نقل اللغة إلى لغة أخرى,بيّنَ -يبيّنُ,,
تأخّر - يتأخّر - تأخّرًا,,,تخلّفَ -يتخلّفُ,تقدّم,
نزَل - ينزِل - نزولًا,,,هَبَطَ -يهبِطُ,صعِد -يصعَدُ,
وفَّر - يوفِّر - توفيرًا,,,كثَّر - يكثِّر - تكثيرا,,
مرَّ - يمرُّ - مرورًا/ مرّا,,,مضى - يمضي -مضيًّا,,
أنهى - ينهي - إنهاءً,,,أتمَّ - يتِمُّ - اتمامًا/أكمَل - يُكمِل,,
أشرَفَ - يُشرِفُ - إشرافًا (على),,,راقَبَ - يراقِبُ ,,
تراوحَ - يتراوحُ -تراوُحًا (بين),,,تذبْذبَ - يتذبْذبُ - تذبْذُبًا (بين),,
تكوَّنَ - يتكوَّنُ - تكوُّنًا (من),,,تألّف - يتألّف - تألّفًا (من),,
متفاعل,,,,متشائم,
خبرة,خبرات,,,,
آسِف,,,نادم,,
بَطَّال ,بطّالون,,,,
فِرقَةٌ,فِرَقٌ,,,,
تخرّج- يتخرّج- تخرّجا (في) أو (مع),,أنهى تعلمها بنجاح,,,
بَطَلَ -يبطُل- بَِطالة,,التعطل عن العمل,,,
عمّ- يعُمّ- عموما,,,انتشر وشمُل,,
شَرطٌ ,شُرُوطٌ,,,,
أَسَاسِيَّةٌ,,,أصلية,,
مجالٌ,مجَالَاتٌ,,,,
خُلُقٌ,أَخْلَاقٌ,,,,
صحّ- يصحّ- صحّة,,عرف بعضُهم بعضا,,خطأ يخطأ خطأ,
اقتصد - يقتصد - اقتصادا,,,,,
أدَار- يدِير- إدارة,,,دبّر يدبّر تدبيرا,,
أفسد -يفسد- إفسادا,,,,أصلح يصلح إصلاحا,
ضعُف- يضعُف- ضعفا,,انفصل بعضه عن بعض,"تفكّك يتفكّك تفكّكا، تكسّر يتكسّر تكسّرا، تباعد يتباعد تباعدا",,
ضاع- يضيع- ضياعا,,,فقد يفقد فقدا / فقدانا,,
حفظ- يحفظ- حفظا,,,أبقى- يبقي- إبقاء,,
أبعد- يبعد- إبعاد,,,,,
اختلط- يختلط- اختلاط,,,,,
وطَنٌ,أَوطَانٌ,,بلد (ج) بلاد / بلدان,,
سَهْلَةٌ,,,,صعبة,
حَلَالٌ,,,,حرام,
أَرْضٌ  ,أَرَاضٍ (الأراضي),,,,
مَنكِبٌ,مَنَاكِبُ,,ناحية (ج) نواح,,
عَامٌ,أَعْوَامٌ,,سَنَةٌ (ج) سَنَوَاتٌ,,
بالطّبعِ,,,بالتأكيدِ,,
ظَافِرًا,,,فَائِزًا,,
اغترب- يغترب- اغتربا,,ابتعد عن وطنه,,,
خالطَ -يُخالط- مُخالَطَةً,,,آلَفَ- يآلف,,
نشَر- يتشُر -نشرا,,,بعث- يبعث- بعثا,,
صحِب- يصحَب -صُحْبَةً,,,رافق -يرافق -مرافقة,,
حافظ- يحافظ -محافظة (على),,,اهتمّ -يهتمّ -اهتماما (ب),,
رجا- يرجو- رجاء,,,أمل- يأمل -أملا,,
سَلِم- يسلَم- سلامة,,,نجا- ينجو- نجاة,,
غنِم -يغنَم -غنيمة,,,رَبِحَ- يربَح- ربحا,,
جعل- يجعل- جعلا,,,صيّر- يصيّر- تصييرا,,
نِعمَة,نِعَم,,,نقمة (ج) نقم,
قطُّ,,ظرف الزمان للماضي بمعنى أبدا,,,
حَبلٌ,حبال,,ربط (ج) رباط,,
قَصعَة,قِصَاع,,إناء,,
حِلسٌ,أحلاس,,فِراش,,
دِرهَم  ,دراهم,,,,
عَرَب,أعراب / أعرابيّ / أعاريب,سكّان البادية من العرب,,,
قَدُوم  ,قدائم,آلة القطع الأخشاب,,,
سأل- يسأل -سؤالا,,,طلب يطلب طلبا,,
اعتمد- يعتمد- اعتمادا (على),,,اتّكل يتّكل اتّكالا,,
تسوّل- يتسوّل- تسوّلا,,سأل الناس الصدقة والعطاء,استعطى يستعطي استعطاعا,,
غدا- يغدو- غدوا,,مشى في أول النّهار,,,
احتطب- يحتطب- احتطابا,,جمع الحطب,,,
تصدّق- يتصدّق- تصدّقا,,أعطى الفقير صدقة,,,
تطهّر- يتطهّر- تطهّرا,,,اغتسل يغتسل,,
دفع- يدفع- دفعا,,يعطي نقودا مقابل البضاعة,,,
سلّم- يسلّم- تسليما,,,أعطى يعطي إعطاء,,
أعطى- يعطي -إعطاء,,,,منع,
نُطْقٌ,,,تكلُّم - تحدّث,,
تدريبٌ,تدريبات,,تمرين (ج) تمرينات,,
صَوتٌ,أصواتٌ,كل ما تسمعه الأذن,,,
إذاعة,,مكان الإرسال الإذاعي,راديو,,
نبويّ,,نسبة إلى النبيّ,,,
بُعْد,,,,قُرْب,
نَطَقَ -ِ نُطْقا,,,,,
فهِم- يفهَم - فهْما,,,استوعب - يستوعب -استيعابا,,
تفرّق – يتفرّق - تفرُّقا,,,,توحّد – يتوحّد - توحّدا,
قبيلة,قبائلُ,,,,
متفرِّقة,متشتِّتة,,,,
لَفظٌ,ألفاظ,,كلمة (ج) كلمات,,
فَصِيحٌ,فُصَحَاء,الشخص الذي يُحسن الكلام بليغ,,,
شَعْبٌ,شعوب,جماعة من الناس تُنسب إلى جَدّ واحد,فرقة,,
لَهجَةٌ,لهجات,,لُكْنَة,,
مَعنَى,معانٍ (المعاني),,,,
فَصيحَة,,,سليمة/ واضحة,,
عَرَبيّ,عَرَب,,,,
جزيرة,جزائر/جُزُر,الأرض التي تحيط بها المياه من جميع الجهات.,,,
خَطَبَ – يخطِب – خطابة/خطبة,,,تكلم- يتكلم -تكلما,,
أنزل – يُنزل - إنزالا,,,أوحى - يُوحي,,
أثّر – يُؤَثِّر – تأثيرا (في),, إحساس قويّ مُلْحَق بعواقب فعّالة,فعَّل- يُفعَّل - تفعيل,,
أقرض – يُقرض - إقراضا,,,أعار – يُعير - إعارة,,
اقترض – يقترض -اقتراضا,,,استعار – يستعير - استعارة,,
نشأ – يَنْشأ (في),,,تولَّد - يتولَّد,,
عقَل – يعقِل - عقْلا,,,ميَّز - يُمَيِّز,,
عالميّة,,ذو علاقة بالعالم أو ينسب إلى العالم,,دولية ومنطيقية ومحلية,الأمم المتحدة منظمة عالمية.
عَصرٌ,عصور وأعصر,,زمن,,صليت صلاة العصر جماعة.
أَسَاسٌ,أسس,المبادئ التي تعتمد عليها بعض الظواهر أو الأمور.,أصل,,العدل أساس المُلك.
حديثة,,,جديدة,قديمة,هذه سيارة حديثة.
تامّ,,,كامل,,
صعوبة,,,,سهولة,
ازدهر- يزدهِر -  ازدهارا,,,تلألأ - يتلألأ – تلألؤا وزاد وتقدم,,ازدهرت التجارة بين البلدين.
ألّف - يؤلِّف - تأليفا,,,كتب وصنّف وحرّر,,ألف أحمد معجمَ العربية.
هَجر - يهجُر - هجرة,,,ترك - يترك - تركا وتخلّى عن,,هَجَرتُ أصحاب الباطل.
استعمر - يستعمر - استعمارا,,فرض السلطة والاستغلال.,استغل - يستغل - استغلالا,استقلّ –ِ استقلالا,استعمرت فرنسا تونس المغرب والجزائر.
حارب - يحارِب  - محاربة,,,قاتل - يقاتِل - مقاتلة/ دافع وعادى,سالم,
شجَّع - يشجِّع - تشجيعا,,,قوّى - يقوي - تقوية/ دفع وأيّد,,شجع محمد ابنه على دراسة الطب.
استعمل - يستعمل - استعمالا,,,استخدم - يستعمل - استخداما,,أستعمل قلم الحبر في الكتابة.
تحقّق - يحقِّق - تحققا,,حدث فعلا ووقع.,صحّ - يصح وثبّت,,
ضعُف - يضعُف - ضعفا,,,مرض ونحل وهزل,قوى وسمن,ضعف الطالب والمطلوب.
أدى - يؤدّي - أداء,,قام بأداء العمل.,عمل – يعمل - عملا,,أديت الصلاةَ.
تفرق – يتفرق - تفرقا,,ذهب في جهات مختلفة.,تباعد,توحد - يتوحد - توحدا,تفرق الطلاب بعد نهاية اليوم الدراسي.
فَرحَة,,,"مسرّة، بشرى، سعادة",حزن,كانت الفرحة كبيرة بقدوم شهر رمضان المبارك.
مُسابقَة,,,منافسة ومباراة,,فاز بدر في مسابقة حفظ القرآن.
جائزة,جوائز,,هدية ومكافأة,,
أَسعَدَ,,,أفرح,,
عَفوٌ,,,سماحة,,
سِيرة,سِيَرٌ,,تاريخ ج تواريخ,,قصت أمي علي سيرة نبوية.
دعاء,أدعية,ما يدعى به الله - سبحان وتعالى- من القول.,,,
فرحة,,,"مسرّة، بشرى، سعادة",حزن,كانت الفرحة كبيرة بقدوم شهر رمضان المبارك.
مسابقة,مسابقات,,منافسة ومباراة,,فاز بدر في مسابقة حفظ القرآن.
جائزة,جوائزُ,,هدية ومكافأة,,
حَمل - يحمِل - حملا,حمل الشيء: رفعه وشاله,,,حمل العامل الكيس على ظهره.,
دفَع - يدفَع - دفعا,,أجبر واضطر.,,دفع الرجل ابنه لدراسة الطب.,
مُبدِع,,الذي يبتكر أو يخترع جديدا في أحد المجلات.,مخترع,,هذا الرجل مهندس مبدع.
قيمة,قِيَم,,ثمن وسعر,,أعطيت البائع قيمة البضاعة نقدا.
دِرع,دروع وأدرع,ما يلبسه المحارب قديما مثل القميص.,,,لبس الفارس درعه وخرج للقتال.
محلية,,,,عالمية,
لجنة,لِجان,جماعة تختار للقيام بعمل ما أو النظر في أمر ما.,,,
هيئة,,"1.      حال الشيء وصورته.
2.      منظمة أو جماعة من الناس.",مؤسسة,,
مشهورة,,,معروفة,,هذه المدرسة مشهورة.
دولار,دولارات,,,,
إنسانية,,مجموعة الصفات التي تميز الإنسان.,بشرية,حيوانية,
مبدع,,الذي يبتكر أو يخترع جديدا في أحد المجلات.,مخترع,,هذا الرجل مهندس مبدع.
منع - يمنَع - منعا,,,كفّ وحجر,منح وأعطى,منع الأستاذ الطلاب من الخروج من الفصل.
انقسم - ينقسِم - انقساما إلى,,,توزّع - يتوزِّع - توزّعا,,
كوّن - يكوِّن - مكوّنة,,,صنَع - يصنَع - صنعا,,
خدم - يخدِم - خدمة,,عمل لدى شخص  آخر أو ساعده.,ساعد - يساعد - مساعدة,,خدم الطالب المعد بعد تخرجه في الجامعة.
مِثالي,مثاليون/مثاليات,قدوة,نموذجي,,أحمد طالب مثلي في فصله.
صفة,صفات,,علامة/ سمة,,من صفات النبي صادق في كلامه.
مظهر,مظاهر,شكل خارجي,هيئة,,مظهرك شخصيتك.
محبوب,محبوبون,الذي يحبه الناس,مرغوب فيه,مكروه,هو محبوب لدى والديه.
حَفْل,حفَلات,احتفال الناس,اجتماع/ مناسبة,,سنقوم بحفل سنوي في المدرسة.
امتياز,امتيازات,تمكينُ شخصٍ أو جماعة من القيام بعمل دون سِواهم,تفوّق,رسوب,حصلت على الامتياز في الاختبار.
بطاقة,بطاقات,ورقة صغيرة أو رقعة من الورق المقوَّى,,,البطاقة الشخصية.
مَبْلغ,مبالغ,مقدار من المال,مال,,أحتاج إلى المبلغ الكبير للدراسة.
امتاز ﹷ امتياز,,كما سبق,تفوّق ﹷ تفوُّقا,صعُب  ﹹ  صعوبة,امتاز الطلاب في اختبارهم.
شَارَك – يُشَارِك - مُشاركة (في),,ساهم فيها,اشتَرَك – يشترِك - اشتراكا,,اشتركتُ في مسابقة حفظ القرآن.
اجتمع - يجتمِع - اجتماعا,,,انضمّ ﹷ انضماما (إلى),افترق يفترق افتراقا,اجتمعت الطالبات في قاعة المدرسة.
أعلن – يعلِن - إعلانا,,,أخبر يخبِر إخبارا,أخفا يخفي إخفاء,أعلنتُ خبرا مدهشا.
مبدِع,مبدِعون,المنشِئ,مختَرِع,,مبدع السيارة هو....
قيمة,قيَم,قدره,ثمن,,عليك دفع قيمة هذا الإبل.
دِرْع,دروع,قَمِيصٌ مِنْ حَدِيدٍ يُلْبَسُ وِقَايَةً مِنَ السِّلاَحِ,,,
محلّيّة,محليات,,إقليمية,عالمية,ستقام المسابقة المحلية في جاكرتا.
لَجْنَة,لِجَان,جماعةٌ يوكل إِليها فحص أَمرٍ أَو إِنجازُ عملٍ,,,أنا لجنة في البرنامج هذه الليلة.
هَيْئَة,هيئات,منظَّمة أو جماعة من النّاس تقوم بعمل خاصّ,مؤسسة,,هناك هيئة كبيرة لهذا المعهد في العاصمة.
مشهور,مشهورون,مَعْرُوفٌ عَلَى نِطَاقٍ وَاسِعٍ,معروف,,هذا الأستاذ مشهور لدينا.
إنسانية,إنسانيات,,بشرية,الحيوانية,وصلت المساعدات الإنسانية إلى فلسطين.
مُلَخَّص,ملخصات,,خلاصة/ مختصرة,,الخلاصة من كلام الأستاذة 
مولود,مواليد,,صبي,رجل,هذا المولود كأبيه.
منح - يمنَح - منحا,,,أعطى – يعطي - إعطاء,أخذ - يأخذ - أخذا,منحني أبي هدية أحبها.
انقسم - ينقسِم - انقساما,,,تشتَّت – يتشتُّت – تشتتا,اجتمع - يجتمع,انقسم الفريق إلى قسمين.
كوّن – يكوِّن - تكوينا,,أوجده,صنع – يصنَع – صنعا / ركّب,,كوّنتُ الجملة المفيدة من هذه المفردة.
خدَم – يخدِم - خدمة,,عمل له,ساعد – يساعد - مساعدة,,خدَم أخي أبي على إنجاز عمله.
نال – ينال - نيلا,,وجده,حصل – يحصُل - حصولا,,نالت أختي الامتياز في الاختبار.
رسالة,رسائل,الخطاب,بريد,,وجدتُ رسالة من أمي.
الإلكتروني,الإلكترونيات,الْمَنْسُوبُ إِلَى الإلِكْتُرُونِ,التكنولوجي,,نحتاج إلى آلآت إلكترونية في هذا الزمان.
عنوان,عناوين,ما يُستدَلُّ به على غيره,,,ما عنوان بريدك يا صديقي؟
صاحب,أصحاب,,رفيق/ صديق/ زميل,عدُوّ,أحمد صاحبي.
مشترِك,مشتركون,,مساهِم,,أخي مشترك هذه المسابقة
بحث,بحوث,بذْلُ الجهد في موضوع ما,,,موضوع بحثي....
معلومة,معلومات,علم,معرفة,,نحتاج إلى المعلومات الكثيرة للتدريس.
مركز,مراكز,ما يستقر فيها/ مصدر شيء,,,ها هو مركز العسكري.
مكتب,مكاتب,,إدارة,,من فضلك خوذي كتابي في مكتبي.
بعث - يبعَث - بعثا (إلى),,,أرسل – يرسل – إرسالا,,بعث الله النبي إلى الناس.
ربط – يربُط - ربطا,,,شدَّ – يشدُّ – شدّا,,ربط أبي الدابة.
قديم,قدماء,,ماض,حديث,
قارة,قارات,كتلة ضخمة جدا من أراضي اليابسة,,,
واسع,,,ممتد,ضيق,المسجد واسع
بطيئة,بطاء,,متمهلة,سريعة,
حاجة,حاجات / حوائج,ما يفتقر إليه الإنسان ويطلبه,,,
ظهر,ظهور,,برز,اختفاء,
حيوان,حيوانات,  كل ذي روح من المخلوقات غير العاقلة ,,,
الحمام الزاجل,,الطير الذي يحمل الرسائل,,,
حين,أحيان,,وقت,,
بَغل,بغال,ولد الفرس والحمار,,,
عربة,عربات,,عجلة,عجلات,
محرك,محركات,,ماكينة,ماكينات,
مركب,مراكب / مركبات,,,,
سفينة,سفن,مركب لنقل الناس أو البضائع في البحر,,,
خبر,أخبار,,نبأ,أنباء,
عداء,عداؤون,,جار,جارون,
نقل ﹹ نقلا  ,,,,حول - يحول,صعُب  ﹹ  صعوبة
ندوة,ندوات,,دورة / معتمر,,
عولمة,,حرية انتقال المعلومات وتدفق رءوس الأموال والسلع والأفكار إلخ,,,
متحدث,متكلمون / متكلمات,,متكلم,,
حجة,حجج,,دليل / علة,,
نقاش,,اسم مصدر ناقش يناقش,مناظرة / مجادلة,,
نمى - ينمي- تنمية,,,تطور ﹹ  يتطور,تأخر,
هيمن – يهيمِن - هيمنة,,,سيطر - يسيطر,أمن,
رفض – يرفُض-رفضا,,,,قبل - يقبل,
فرض – يفرُض-فرضا,,,أوجب - يوجب,,فرض عليه الأمر
أسرع,,اسم التفضيل سريع: أكثر سرعة وعجلة,,,
أجمل,,اسم التفضيل جميل: أكثر جمالا وحسنا,,,
أقل,,اسم التفضيل قليل,,,
أعلم,,اسم التفضيل عالم,,,
أمن,,اطمئنان من بعد الخوف,سلام,حرب,
رَخاء,رخاخي,,غنى,فقر,
حرب,حروب,,قتال / صراع,سلام,
بسيطة,بسيطات / بسائط,,,,
تجوّل – يتجوَّل-تجوّلا,,انتقل من مكان إلى مكان آخر,تنقل / طاف,,
ملك – يملِك-ملكا,,,سيطر - يسيطر,,
تقاتل – يتقاتَل-مقاتلة,,,تحارب - يتحارَب,تسالم,
طهارة,,,نظافة,"وسَخ (ج) أوساخ، قذارة، قَذَر (ج) أَقْذار",نظّفي الثوب كي يزولَ الوسخ.
نظيف,,,,"وسِخ، مُتَّسِخ",الحمام وسخ.
عِطْر,عُطور,,مِسْك,,الجنة فيها رائحة المِسْك.
أطْيَب,,"اسم التفضيل من ""طيِّب""",,,ريح الصباح أطْيَب.
مُهِمّ,,,ضَروريّ,,الماء مُهِمّ للحياة.
شَطْر,,,"نِصْف، قِسْم",,الطهارة شطر الإيمان.
مَسْكَن,مساكِنُ,,,,أسكن في مسكن الطالبات.
بِيئة,,مكان مناسب للحياة,,,بيئة المعهد جيدة.
أداء,,,قيام,,المسلم يهتمّ بأداء الأمانة.
مِرفَق,مرافقُ,,,,الطرق من مرافق العامة.
كَعْب,كُعُوب,,,,في رجل واحد كعبان.
مُستمِرّ,,,دائم,,المشروع مُستمِرّ.
جَنابَة,,حال من ينزل منه منيّ,,,يجب الغُسْل من الجنابة.
نفاس,,الولادة والمدّة التي تعقبها,,,النفاس من الحدث الأكبر.
مُحْتَلِم,محتلمون,,بالِغ (ج) ون,,هذا الغلام بالغ.
رِجْل,أَرْجُل,,,,للإنسان رجلان.
أَكْل,أكَلَات,,,,الأكَلات السريعة ليست صحيحة للجسم.
أَفْضَل,,"اسم التفضيل من ""فاضل""",أحْسَن,,السيارة الجديدة أفضل.
ممتاز,"ممتازون، ممتازات",,مُتفَوِّق,,أحمد طالب ممتاز.
لذيذ,,,طَيِّب,,الطعام لذيذ.
حالا,,,"الآن، فورا",,أريد الشراب حالا.
ليلة,,,نهار,,أغادر البيت الليلة.
كُوب,أكْواب,,,,العصير داخل الكوب الأبيض.
عامَّة,,,,خاصَّة,عامة الناس لا يشكرون نعم الله.
مُتَحَضِّر,,,مُتَقَدِّم,مُتَخَلِّف,المدينة مُتَحَضِّرة.
حاوِية,حاوِيات,"حاوِية الشحن، صندوق معدني يتمّ من خلاله تخزين المنتجات.",,,
نُفايَة,نُفايَات,,زبالة (ج) زبالات,,تجمُّع النفايات يسبِّب الأمراض.
أذًى,,,ضَرَر,,من السنة إماطة الأذى من الطريق.
اغتسل - يغتسِل - اغتسالا,,,استحمّ – يستحمّ - استحماما,,اغتسلت بالماء البارد.
تكرّر – يتكَرَّر - تكرُّرا,,,,,هذه الكلمة تتكرّر في كلامه.
أزال – يُزِيل – إزالة,,,"رمى – يَرْمي – رمْيا
أذهَب – يَذْهب - إذهابا",,"يا فتاة، أزيلي الوسخ من ثوبك."
طَهُر – يَطْهُر – طُهْرا طُهُورا,,,,,طهُرت الأم من النفاس بعد أربعين يوما.
حاضَت – تَحِيْض - حَيْضا,,,,,حاضت المرأة بعد البلوغ.
أضاف – يُضيف – إضافة (إلى),,,زاد-يزيد,,أضِيفي السكر إلى الشاي.
طَهَّر – يُطَهِّر - تطهيرا,,,نَظَّفَ – يُنَظِّف - تنظيفا,,نظَّفت الأم البيت.
تَسَمَّمَ – يتسمَّم - تسمُّما,,دخل عليه سُمّ,,,تسمّم الطفل بعد أكل الطعام.
لاحظ – يلاحظ - ملاحظة,,,راقب – يراقب - مراقبة,,لاحظ الأب حالة البيت.
قاس – يقِيس – قِياسا (على),,,قَدَّر – يُقَدِّر - تقْديرا,,قاس الخيّاطُ لباسي على لباس أختي.
أنفق – يُنفق – إنفاقا (على),,,صَرَف – يَصْرِف - صَرْفا,,أنفق الرجل أموالَه على المُحتاجين.
جاب - يَجوب,,,تجَوَّل – يتجَوَّل - تجوُّلا,,تجوب الأسرة حول الحديقة.
أماط – يُميط - إماطة,,,أبعد – يُبْعد - إبعادا,,من السنة إماطة الأذى من الطريق.
أحْرَقَ – يُحْرق - إحراقا,,أشعله بالنار,,,لا تجوز إزالة الزبالة بإحراقها.
أُمِّيٌ,أُمِّيُّوْنَ/أُمِّيّاَتٌ,من لا يقْرأ ولا يكتُبُ,,,
حَقِيْقَةٌ,حَقَائِقُ,,,خَيَالٌ,
فَاشِلٌ,فَاشِلُون,,,نَاجِحٌ ج نَاجِحُون,
عِرْقٌ,أعْراقٌ,أصل كل شيء (للإنسان),"جِنْسٌ ج أجْناسٌ
(للإنسان وغير عاقل)",,
حِيْنٌ,أحْيَانٌ,الدَّهرُ,,,
باَقٍ (الباقي),,,الثَّابِت,المُتَغَيِّرُ,
صَالِحٌ,صَالِحُوْن,,"مُنَاسِبٌ، نَافِعٌ",,
رغْبَةً (في),,,حُبّاً,رَهْبَةً = خوفا,
المُساوة,,,العَدالة,,
انْتِظَامٌ,,,اسْتِمْرَارٌ,,
أمَانَةٌ,,,,خِيَانَةٌ,
عَدْلٌ,,,,ظُلْمٌ,
سَلاَمٌ,,,"أماَنٌ، صُلْحٌ",,
"عَدِيْدٌ، عَدِيْدٌ",,,"كَثِيْرٌ، كَثِيْرَةٌ",,
عَمِيْقٌ,,,سَحِيْقٌ,,
سِبْطٌ,أسْبَاطٌ,,حَفِيْدٌ ج أحْفَادٌ,,
رُكْنٌ,أرْكَانٌ,,,,
عَمُوْدٌ,أعْمِدَةٌ,قضيب من الخشب أو الحديد لتحمُّل قوة ضغط المباني,,,
ذِرْوَةٌ,,أعلى شيء,,,
سَنَامٌ,أسْنِمة,أعلى شيء,,,
سَائِرٌ,,,باقي,,
مَوْقُوْتٌ,,له وقتٌ مُحَدّدٌ مُعَيَّنٌ,,,
عَبْدٌ,عِبَاد,,,,
ضَايَقَ ﹻ مُضَايَقَةً,,عَامَله بِشِدّة,عَاسَرَ - يُعَاسِرُ - مُعَاسَرَةً,أرَاحَ - يُرِيْحُ,ضَايَقَ الأبُ أوْلاَدَهُ
أسْعَدَ  ﹻ  إسْعاداً,,جعل الشيء في السعادة,,أحْزَنَ - يُحْزِنُ - إحْزأناً,تُسْعِدُ الطالبةُ المُمتازةُ الأُسْتاذةَ
رَحَّبَ  ﹻ  تَرْحِيْباً (بِـــــ),,,,,أرَحِّبُ أخواتي بأفضل التحيات
أثْبتَ  ﹻ  إثْباتاً,,,أَقَرَّ - يُقِرُّ - إقراراً,,أثْبَتَتْ الشجرةُ على الأرضِ
كَشَفَ,,,أبَانَ,أبْطَنَ,
انْشَقَّ - ينشقّ - انشقاقاً,,,انْقَسَمَ - يَنْقَسِمُ - انقساماً,,
غَرِقَ - يَغْرَقُ - غرَقاً,,غاص في الماء فمات مختنفاً,,,
نَسَخَ - يَنْسَخُ - نَسْخاً,,,"مَسَحَ، أزَالَ",,
ابْتَغَى - يَبْتَغِىْ - ابْتِغَاءً,,أرَادَهُ وَطَلَبَهُ,,,
تَكَفَّلَ - يَتَكَفَّلُ - تَكَفُّلاً (على),,,تَحَمَّلَ - يَتَحَمَّلُ - تَحَمُّلاً (ب),,
آمَنَ - يُؤمِنُ - إيْماناً  (بــــ),,,,كَفَرَ - يَكْفُرُ - كُفْراً (بـــــ),
سَبَقَ - يَسْبِقُ - سَبْقاً,,مَضى وتقدّم,تفوق- يتفوق,,
فَرَّقَ - يُفَرِّقُ - تَفْرِيْقاً,,جعله ينتشر,,,
فَرَّقَ - يُفَرِّقُ - تَفْرِيْقاً (بين),,مَيَّز أحد على الآخر,ميز- يميز,,
اغتَصَبَ - يَغْتَصِبُ - اغتصاباً,,السلطة بالقوة,,,
انقَاد - ينقادُ - انقياداً (إلى/ل),,,أطاع - يُطِيْعُ - إطاعَةً (ل),,
أسْلَمَ - يُسْلِمُ - إسْلاماً,,دَخل في الإسلام,,,
حاسب - يُحاسِبُ - مُحاسبةً,,,,,
زَكّى - يُزَكِّيْ - تَزْكِيَةٌ,,,طَهّرَ - يُطَهِّرُ - تَطْهِيْراً,,
كَتَبَ - يَكْتُبُ - كتباً (على),,,"أوْجب، فَرَضَ",,
احتسَبَ - يَحْتَسِبُ - احْتِسَاباً,,,نَوَى,,
كُتِبَ,,فُرِضَ (على),,,
مرحلة,مراحلُ,,فترة,,
مرحلة المراهقة,,تبدأ عند البلوغ ولا تتجاوز الثامنة عشرة من العمر,,,بَلَغَ زَيْدُ مَرْحَلَةَ المُرَاهَقَةِ
طَبيعيٌّ,,منسوب إلى طبيعة,,,هَذَا خّوْفُ طَبيعيُّ
حكمة,حكم,سداد,,,
كذا,,"كلمتان بقيتان على أصلهما، وهما ""كاف"" التّشبيه و ""ذا"" الإشارية",,,لقيتُ الطالبَ ناجحاً لقيتُ صاحبَه كذا
شيخٌ,شيوخٌ / مشايخ / أشياخ,من صار في سن الشيوخة / عالم في الدين الإسلامي,,,
أغلى,,اسم التفضيل من غال,,أرخص,
ثروة,ثروات,الكثير من المال والناس,,,
أمة,أمَمٌّ,,,,
عطاءٌ,أعطية / عطايا,كل ما يعطى,هبة (ج) هبات,,
قلّما,,قلّ وما الزّائدة,نادر,,
جَيشٌ,جيوش,مجموعة من الجنود,جند (ج) جنود,,
قيادة الجيش,,المركز التي يستقرُّ فيه القائد العامّ والضُّبّاط الكبار,,,
غزوة,غزوات,المعركة التي كان يشترك فيها الرسول,معركة (ج) معارك / حرب (ج) حروب,,
جادٌّ,جادُّونَ,مهتمٌّ بعمله وشؤونه ويقوم بها على الوجه الأكمل,مجتهد (ج) مجتهدون,,
قاضٍ,قضاة,من يحكم بين الناس,حاكم (ج) حكّامٌ,,
خبرة,خبرات,,,,
شابٌّ,شباب,,فتاة,,
كبير,كبار,,,صغير (ج) صغار,
مُؤتة,,"موضع بمشارق الشمس، قُتل فيه جعفر بن أبي طالب ",,,
الرُوم,,الشعوب التي كانت تسكن روما القديمة,,,
تَجرِبة,تجارب,,"خبرة (ج) خبرات، محاولة / اختبار",,
موضوع,مواضيع / موضوعات,المادة التي يبني عليها المتحدث أو الكاتب كلمَه,,,
دورٌ,أدوار,,نَوْبةٌ (ج) نُوَبٌ,,قد أتاك دورك لتنظيف الغرفة
أهمّيةٌ,,كل ما يُثِيْرُ الاهتمام من الأمور,خَطورَةٌ,,مكّة ذات أهمّية خاصة في قلوب المسلمين
دعوة,دعوات,,,,
محاربة,,,مقاتلة,,
أجنبيٌّ,أجانب,ليس من المحارم / ليس من أهل البلد أو الدولة,غريب (ج) غرباء,,
محالٌّ,محالّاتٌ,,مكان / بدل,,
الغَزْوُ الثَّقافِي,,الحركة التي تسعى إلى إزالة ثقافة قوم وطمسها من حياة المجتمع,,,يقع الغزو الثقافي في كل بلد
سلوكٌ,,سيرة الإنسان ومذهبه واتُجاهُهُ,أخلاقٌ / تصَرُّفٌ (ج) تصرُّفات,,
تناقضٌ,,,تخالفٌ / تضادٌّ,,
وسائل الإعلام,,,وسائل الاتصال,,
انتشارٌ,,مصدر انتشر- ينتشر,شيوعٌ,,
التعليمُ العالي,,المرحلة العليا من التعليم تُدرس في الجامعات,الجامعات / المرحلة الجامعية,,تخرّج عيسى في التعليم العالي
تمزيقٌ,,,تَغْريقٌ / فصْلٌ,,
تُراثٌ,,ما يترك الميت لورثته,إرْثٌ,,نَفْتَخِرُ بِترَاثِ أجْدادِنا
مِسَاحَةٌ,مِساحاتٌ,,,,
حلٌّ,حلولٌ,,,,
يهوديٌّ,يهودٌ,,,,
ميزةٌ,ميزاتٌ,,مزيَّةٌ (ج) مزايا,,
منطقةٌ,مناطقُ,,,,
محيطٌ,محيطات,العظيمُ من البحار يُحدِق باليابسة,,,
طائِعةٌ,,مطيعةٌ,,,
ممرٌّ,ممرَّاتٌ,,,,
خَليجٌ,خُلُجٌ,امتدادٌ من الماء متوغِّلٌ في اليابس,,,
لا شكَّ,,أمْرٌ مُسَلّمٌ به لا يقبل الارتباب,أكيدٌ,,لا شكَّ بأنّك ستنجح
عمليّة,عمليّات,مجموعةٌ من الأعمال تؤدّ إلى نتيجةٌ,,,يعمل الطبيب بعمليَّة جراحيَّة
نسي -َ نسيا,,,,"تذكَّرَ -َ تذكُّراً
حَفِظَ -َ حِفْظاً",هل نسيتَهُ؟
تحاوَرْ,,"فعل الأمر من ""تحاور""",تكلم-يتكلم,,
احترِمْ,,"فعل لأمر من ""احترم""",كرَّمَ-يكرِّم,,
شاء -ِ مشيئةً,,أراد -ِ إرادةً,أراد إرادةً,,
أتمَ -ِ إتماما,,تمام / كامل,,,
عامل -ِ معاملةً,,,عاشر -ِ معاشرة,,
حَكُمَ -ُ حكمة ,,صار حكيما,,,حَكُمَ الشيخُ
تحاور -َ تحاورا (مع),,,"تشاور -َ تشاورا
تحدّث -َ تحدّثا (مع)",,
نفع -َ نفعا,,,,ضرّ -ُ ضرّاً,
ولَّى -ِ تولية,,جعله وليّا,فوّض -ِ تفويضا,,
قاد -ُ قيادة,,جعله رئيسا وقائدا الجيش,"ساد -ُ سيادة
رأس -َ رئاسة
ساق -ُ سياقة",,
أخطأ -َ إخطاءً,,,"أصاب -ِ صوابا
صحَّ -ِ صحَّة",,
غزا -ُ  غزْواً / غزوانا,,,"هاجم -ِ مهاجمة
قاتل -ِ مقاتلة / قتالاً
داهم -ِ مُداهمة",,
أهمل -ُ إهمالاً,,,,اهتمّ -َ اهتماما (بـــــ),
حاور -ِ محاورة,,,"حادث، كلَّم",,
جرَّب -ِ  تجريبا / تجربة,,حاول على سبيل الاختبار والفحص ليعلم مدى ملاءمته للغرض,حاول -ِ محاولة,,
قلَّد -ِ تقليدا,,,"حاكى -ِ محاكاة
تَبِع -ِ تبعا",,
مزَّق -ِ تمزيقا,,جعله قطعا,شقَّ -ُ شقّاً,,
بثَّ -ُ بثّاً,,,نَشَرَ -ُ نشراً,,
خالف -ِ مخالفةً,,,,سوى- يسوي,
كلّف -ِ تكليفاً,,,فرض / أوجب,,
شارك -ِ  مشاركةً (في),,,,,
حلَّ -ُ حلّاً,,السؤال,أجاب -ِ إجابةً (عن),,
اِحْتلَّ -َ  احتلال (على),,,سيطر -ِ سيطرةً,,
أنقذ -ِ إنْقاذاً,,,أنجى- ينجي,,
شَمَلَ -ُ شمولاً,,,عمّ -ُ عٌمٌوْماً,,
عَبَدَ -ُ عِبادةً,,"أطاعَه، وانقادَ وخضَع وذلَّ له",,,
وحّد -ِ توْحيداً,,جعله واحداً,,,
سلك -ُ سلوكاً,,,"مشى -ِ مشْياً
نَهَجَ -َ نهْجاً",,
تناقض -َ تناقضاً,,,"تخالف -َ تخالفاً
تعارض -َ تعارضاً",توافق -َ توافقاً,
بثَّ -ُ بثّاً,,,"أذَاعَ -ِ إذاعةً
نشر -ُ نشْراً",,
كلَّف -ِ تكليفاً,,,حمَّل -ِ تحميلاً / أوجب,,
شكَّ -ُ  شكّا (في),,,ارتاب -َ ارْتبابًا,تأكّد -َ تأكُّدً,
مِساحَةٌ,,طول الشيء وعرضه,,,
يَهُوْدِيٌّ,يَهُودٌ,,,,
مِيْزَةٌ,مِيْزاتٌ,,مَزِيَّةٌ ج مزايا,,
مُحِيطٌ,مُحِيْطاتٌ,أكبر من البحر,,,
طائعٌ,طائعون,,مُنقادٌ ج مُنقادون,,
مَمَرُّ,مَمَرَّاتٌ,مكان المرور,,,
خَلِيعٌ,,امْتِداد من مياه البحر يدخل إلى البرّ,,,
أطْلَسٌ,أطالِيسُ,,,,
مَنْطِقَةٌ,مَناطِقُ,,,,
قَرنٌ,قُرون,مئة سنة,,,
ناحِية,,,جهةٌ,,
مَهْمومٌ,مَهْمومونَ,,حَزِينٌ ج حُزناءُ,مَسْرُورٌ,
منازعة,,,خُصومةٌ/ نِزاع/ جِدالٌ,,
الاسْتِشْراق,,دراسة الإسلام لأجل إفساده,,,
عَهدٌ,عُهودٌ,,,,
ممْلكةٌ,,يحكُمها مالكٌ,دَولةٌ,,
مُقَدّسٌ,,,مُطَهّرٌ,,
مَبْنى,مَبانٍ,,,,
عُمْلةٌ,عُمَلٌ,,نَقْدٌ ج نُقُودٌ,,
نصرني,نَصارى, من تعبَّد بدين النَّصرانية,,,
نِفطٌ,,زيت الوقود,,,
حلَّ - يَحُلُّ - حلًّا,,,أجاب - يُجيبُ - إجابة (عن),,
احْتَلَّ - يحْتَلُّ - احْتلالاً,,,اسْتَولى - يستولي - استيلاءً (على),اسْتَقلَّ-يستقِلُّ-استقلالاً,
أنْقذ - يُنْقِذ - إنقاذا,,,"نَجَّى - يُنجّي - تنجيةً
خلّص- يُخلِّص - تخليصاً",,
شَمَلَ - يَشْمُلُ - شَمْلاً,,,"شَمِلَ  -يشمَل - شُمولاً
عَمَّ - يَعُمُّ - عماًّ",,
اشْتغلَّ - يشتغِلُّ - اشتغالاً (ب),,,عمِل - يعمل - عملاً,,
اسْتشرَقَ ﹻ اسْتِشْراقا,,"حركة أكاديمية لدراسة الشرق، خاصة مع انتشار الاستعمار",,,
اتّحدَ  ﹻ اتّحاداً,,,اجتمع - يجتمِع - اجتماعاً,تَفرّق - يتفرّق - تفرقاً,تُسْعِدُ الطالبةُ المُمتازةُ الأُسْتاذةَ
اسْتعانَ  ﹻ  استعاناً (بــــ),,طَلبُ المساعدة والعون,اسْتغاث - يستغِيْث -ا ستغاثاً (بـــــ),,
أنْتَجَ - يُنْتِجُ - إنْتاجاً,,,أثْمَر َ- يُثْمِر ُ- إثماراً,,
سارِقٌ,سارِقونَ,,لِصٌّ (ج) لُصوصٌ,,
شُرْطِيٌّ,شُرْطَةٌ,,,,
جانٍ,جُناةٌ,,مُجْرِمٌ (ج)  مُجرمُون,,
جِنايةٌ,جِناياتٌ,,جَرِيْمَةٌ (ج)  جَرائِمُ,,
بِلا,,,بِدُوْنِ,,
آمين,استَجِب,,,,
تارِيْخٌ,تَوارِيْخُ,,,,
عُصْبةٌ,عُصَبٌ,,جماعةٌ,,
بالٌ,,,قلْبٌ/ حالٌ,,
حدٌّ,حُدودٌ,,,,
قِصاصٌ,,عقوبةٌ تُوْقِعُ على الجانِي,,,
أُولُو,,ذَوُو,أصحاب,,
لُبٌّ,ألبابٌ,,عقلٌ ج عُقولٌ,,
عِقابٌ,,,جزاء,,
غِذاءٌ,أغْذِيةٌ,,طعامٌ ج أطعمةٌ,,
سِربٌ,أسرابٌ,,قلْبٌ (ج) قلوبٌ/نفسٌ,,
معافًى,,سَلِيمٌ,صحِيحٌ,,
قُوتٌ,أقواتٌ,طعامٌ أساسي,,,
حِذفارٌ,حذافِيرُ,,جانِبٌ ج جوانِبُ,,
طاقةٌ,طاقاتٌ,,قوةٌ ج قواتٌ,,
خريطةٌ,خرائطُ,,سِلاحٌ ج أسلِحةٌ,,
سرَقَ  ﹻ سرِقةً,,,سَلَبَ - يسلب,,
قَبَضَ - يقبِضُ - قبْضاً (على),,,أمسكَ - يمْسِكُ - إمساكاً,,
اغْتَصَبَ  ﹻ اغْتِصاباً,,,اختطف - يخطتف,أمن,
ساوى - يُساوِيْ - مُساواةً,,,عادل - يُعادِل - مُعادلةً,,
أدامَ - يُدِيْمُ - إدامةً,,جعله دائماً,,استمرَّ,
أضْعَف ﹻ إضْعافاً,,,أهْزلَ ﹻ إهْزالاً,قوَّى,
تمتّعَ - يَتَمَتّعُ - تمتُّعاً,,,تلذّذ - يتلذّذ - تلذذاً,,
اتّهمَ ﹻ اتهاماً,,,ظنَّ - يظُنُّ - ظناًّ,,
أوْقفَ ﹻ إيْقافاً,,,مَنَعَ - يَمْنَع - منْعاً,,
نفّذ - يُنفِّذُ - تنْفيذاً,,,طبّقَ - يُطَبّقُ - تطبيقاً,,
شَغَلَ - يشْغَلُ - شُغْلاً,,,صَرَفَ - يصْرِفُ - صرْفاً,,
سَجَنَ-يَسْجُنُ-سَجْناً,,,حَبَسَ - يَحبِسُ - حبساً,,
حمَى ﹻ حِمايةً,,,حفِظَ - يحْفَظ ُ- حِفْظاً,آذى,
اتّقى ﹻ اتّقاءً,,,خَاف - يخافُ - خوفاً,إِطْمَأنَّ,
أيّدَ ﹻ تأييداً,,,قوّى - يُقوِّي - تقويةً,ضَعَّفَ - يُضَعِّفُ - تضعيفا,
أمِنَ- َ -أماناً,,سَلِمَ منه,,هَلَكَ - يهلِك,
آمن ﹻ إيماناً (بـــــ),,إيمان,,كفَر-يكفُر,
آمن ﹻ إيماناً (من),,جعله بأمن,,,
تعاون-يتعاونُ-تعاوُناً,,,ساعدَ-يُساعِدُ-مُساعدةً,,
اهْتدى-يهْتدِيْ-اهتداءً,,,اِسْتَرْشَدَ,ضلَّ-يَضِلُّ-ضلالاً,
حازَ ﹻ حيْزاً,,,جمَع-يجمَعُ-جمعاً,,
أثاَر ﹻ إثارةً,,,حرّكَ-يُحرِّكُ-تحريكاً,أوْقفَ ﹻ إيْقافاً,
مُصاب,مُصابون /ات,الذي أصابه أذى أو ضرر,,,هو مصاب بمرضٍ شديدٍ
سرَطان,سرطانات / سراطين,"مَرضٌ خبيثٌ يظهر على شكل ورَمٍ في جسم الإنسان وينتشِرُ بسرعةٍ، إذا لم يعالج في حينه",,,يصاب فلان بالسرطان
سرَطان,سرطانات / سراطين,"حيوان بحريٌّ من القشريات، عشاريٌّ أرجل",,,قبضنا على سراطان في البحر
بَلىَ,,حرف جواب للسؤال المنفي خاصة,,,أليس كذلك؟ بلى
دفنَ - يدفنُ – دفناً (في),,وضع في التراب,قبرَ - يقبرُ - قبرًا,,لا يدفن كثير من النفايات في إندونيسيا
حيَّرَ- يحيِّر- تحييرًا,,أوقعه في حيرة,"أَربَكَ – يربِكُ – إرباكاً
أذهَلَ – يذهِلُ - إذهالًا",,الواجب يحيِّرني كثيرا
تُربَةٌ,تُرَباتٌ / تُرَبٌ,التُراب الذي يزرع فيه,تُرَابٌ (ج) أترِبَةٌ,,هل في بلدك تَلَوُّث التربة؟
رائحة,روائح,ما يشمه الإنسان أو الحيوانات بواسطة حاسة الشم سواء كان طيبا أو غير طيب,,,من أين تأتي هذه الرائحة الكارهة؟
إلتِهاب,,أصابه مرض الإلتهاب,,,تلوث الهواء يئدي إلى الإلتهاب
عين,عيون / أعين,العضو الذي تبصر به,,,ماذا بعينك؟
رِئَة,رئات,عضو التنفس في الإنسان والحيوان وهما رئة,,,فسدت الرئة بسبب التدخين
عذْبٌ,عِذَاب / عَذوب,صار عذب,,مالح,ماء النهر عذب
كيمياء,,علم يبحث في تكوين المادة وتغيرها,,,درس حمزة في الفصل الكيمياء
كيميائي,كيميائيون / كيماويٌّ / كيمياويٌّ,"منسوب إلى كيمياء، العالم بالكيمياء",,,الكيميائيُّ بيّن معنى الكيمياء
جهاز,أجهزة,الألة التي يؤدي عملا ما كالتلفاز والخلاط وألة الخياطة وغيرها,,,بكم اشتريت هذا الجهاز؟
كهرباء,,قوة تتولّد بواسطة الاحتكاك أو الحرارة,,,في كل منطقة كهرباء
ولِي – يلي - ولياء,,تبعه من غير فصل,,,جلس الطالب الذي يليك
أحرَق – يحرِق - إحراقا,,,حرَقَ - يحرِقُ - حَرقًا,,تحرق النار كتابا
التَهَب – يلتَهِب – التهابا (على),,,غضِب – يقضَب – غضَبًا (على),,تلوث الهواء يؤدي إلى الالتهاب
سبّب – يسبّب – تسبيبا,,,"أحدث – يحدث – إحداثا، قاد - يقود – قيادة (إلى)",,سبّب التلوّث أمراضا
قلّل – يقلّل - تقليلاً,,جعله قليلا,"أقلّ – يُقلّ – إقلالا، أنقص – ينقص - إنقاصا",,قلّل عيسى لزيد العطاء
عَذُب – يعذُب - عُذُوبة,,صار عذبا,,,عَذُب الماء
جَولَة,جولات,زيارة أو تجوّل لغرض من الأغراض,رحلة,,انتهت الجَوْلَة ُالثَّالِثَةُ بِفَوْزِه ِ
فساد,,,تَلَفٌ,صلاح,
تَصَحَّرَ – يتصحَّر -تصحُّرا,تغير المكان إلى الصحراء,,,,"صحَّر الأرضَ الزِّراعيّة: بوَّرها، حوَّلها إلى أرض صحراويّة غير صالحة للزِّراعة"
إيقَافٌ,,,منع,,وقَف فلانًا عن الشّيء: منعه عنه وقَفه عن العمل
نادر,,,قليل,,كِتَابٌ نَادِرٌ: قَلِيلُ التَّدَاوُلِ.
خَالٍ (الخالي),,,فارغ,,"-خالي البال: لا يَشْغله شاغل، مطمئن القلب"
بعون الله,,بمساعدة الله,,,
أعظم,,,أكبر,,كَانَ أعْظَمَ سُلْطَانٍ عَرَفَتْهُ البِلادُ: أكْبَرَ
بيان,,,شرح,,تَحَدَّثَ الرَّجُلُ بِبَيَانٍ بَلِيغٍ
خَطَرٌ,أخطار,,,,خَطُرَ الأَمْرُ: تَضَخَّمَ وَاشْتَدَّ وَأَشْرَفَ عَلَى الهَلاَكِ
مُراقبَة,,,إشراف/ملاحظة,,دَخَلَ العَامِلُ الغُرْفَةَ بِمُرَاقَبَة ِالعَامِلَةِ
فَسِيلَة,,نخلة صغيرة,,,غُرِسَتْ الفَسِيلَةُ فِي أَرْضِ فِلَسْطِيْن
حَمى – يحمِي – حماية,,زاد وكثُر مما كان قبله بمثله.,حافظ – يحافظ – محافظة,,
أَحرَقَ - يُحرِق - إحراقا,,,,,
ألقَى - يُلقِي - إلقاء,,,رمى – يرمي – رمي,,
انقرَض – ينقرِض,,,فنى – يفني / انتهى – ينتهي,,
غرس – يغرِس – غرسا,,,زرع – يزرع – زرعا,,
أسرف – يسرف – إسرافا (في),,,بذّر – يبذر- تبذيرا,,
استِهلاك,,استعمال الشيء الذي سوف ينتهي,,,
نهَى – ينهَى (عن),,,منع – يمنع (من),أمر – يأمر (بـــــ),
فَاتُورَةٌ,فواتيرُ,قائمة بالحساب أو المبيعات تُدرج فيها أصناف البضاعة مع بيان كميّتها وثمنها ومصاريفها,,,طلبتْ أمّي الفاتورةَ من أمين الصندوق.
خَلَّاطٌ,خَلّاطَاتٌ,,,,
مِيْزَانيةٌ,,خُطَّةٌ ماليةٌ,,,
مُسْتَجِيْبٌ,مُسْتَجِيْبُوْن,,مُطِيْعٌ,مُطَيْعُون,
ناَحِيةٌ,نَوَاحٍ,,"جَانِبٌ، جِهةٌ",وَسَطٌ,يا أخي لقد أحسنت عملك من هذه الناحية
شَرْيانٌ,شَرايِيْنُ,الوعاء الذي يحمل الدّم الصادر من القلب إلى الجسم,,,
شَاحِنَةٌ,شَاحِناتٌ,سيارة محملة بالبضائع,,,
وَقُوْدٌ,,كُلّ مادةٍ تتولّد بِاحْتِرَاقها طاقةٌ حرارِية وهو يُصْنَعُ مِن النفط,,,
مَنْسُوْجٌ,مَنْسُوْجَاتٌ,الحَاصل من النسجِ,,,
مُسْتَحْضَرَةٌ,مُسْتَحْضَرَاتٌ,العِنَايَةُ بِالبَشَرَةِ,,,
سَمَادٌ,أسْمِدَةٌ,ما يُوْضَعُ في الأرض من المُخصِبَات ليجود زرعها,,,
أسْمِدَةٌ طَبيعية,,من فضلات,,أسمدة صِناعِية,
مُنْتَجٌ,مُنْتَجَات,الذي يُنتَج,النتيجة من...,,
بَدِيْلٌ,,ما يَقُوْمُ مقامَ غَيْرِهِ,عِوَضٌ,,
احتِياطٌ,,,احْتِرَازٌ,,
بَرْمِيْلٌ,,12 جالوناً,,,
تضَاعف - يتضَاعفُ - تضاعُفاً,,زاد وكثُر مما كان قبله بمثله.,ازدَاد - يزْدَاد - ازْدِياداً,انْخفَض-ينْخفِض- انْخِفاضاً,تضاعفتْ الأجورُ بأعمال صالحة.
أضاءَ - يُضيْءُ - إضاءةً,,,أنارَ - يُنِيْرُ - إنارةً,"أَطْفَأَ، أَظْلَمَ",أضاء المصباحُ.
لاَحَظَ - يُلاَحِظُ - مُلاَحَظَةً,,,رَاقَبَ - يُراقِبُ - مُراقبةً,غَفَلَ (عن),لاحظْتُ تغيرَك خلال هذه الأيام.
اسْتَجَابَ - يَسْتَجِيْبُ - اسْتِجَابَةً,,,أجابَ - يُجِيْبُ - إجابةً,أَبَى,اسْتَجاَب اللهُ فُلاناً.
عَدَّ - يَعُدُّ - عَدّا,,,حَسِبَ - يَحْسَبُ - حَسَباً,,
اسْتَغَلَّ - يَسْتَغِلُّ - اسْتِغلالاً,,استعمل شيئا بعدد كبير,"استثمر، اغتنم",,
شُفِيَ - يُشْفى - شِفاءً,,,تحسَّن - يتحسّنُ - تحسنا,,شُفِيَ فلان من مرضِه.
حاَوَل - يُحاوِلُ - مُحاَوَلَةً,,أراد إدراكه وإنجازه,سَعَى- يَسْعَى - سَعْياً,عَجِزَ (عن),
اسْتَنْفَدَ - يَسْتَنْفِدُ - اسْتِنْفَاداً (عن),,,اسْتَهْلك - يَسْتَهْلِكُ - استهلاكا,"أمْسَكَ، ادّخَر",
نَسَجَ - يَنْسُجُ - نَسْجاً,,,"حَاكَ - يَحُوْكُ - حَوْكاً وحِياكةً
غَازَلَ",,
أَزمَة,أزمات,,مشكلة (ج) مشكلات  / مشاكل,,هناك أزمة الماء في فلسطين
نِفط,,زيت الوقود,,,ارتفع ثمن النفط
سِعرٌ,أسعار,,قيمة (ج) قيم وثمن (ج) أثمان,,ما سعر الذهب في هذا البلد؟
وَقُودٌ,,ما توقد به النار,,,وقود النار الناس والحجارة
معروض,معروضات,الذي يعرض من بضائع للبيع,,,وضع البيع المعروضات على المكتب
مَحَطَّةٌ,محطات,مكان مخصّص لوقوف وسائل النقل,,,أنتظر إتيان القطار في المحطة
ضَرِيبَة,ضرائب,ما يلزم مستخدمو الشيء بدفعه من النقود وسواها,,,دفع مالك السيارة الضريبة
عون,,,مساعدة,,الناس يحتاج إلى العون لحل مشاكلهم
تجدَّد -َ  تجدُّدا,,,تكرّر -َ تكرُّرا,,تجدد ارتفاع ثمن النفط مرة أخرى
قفَز -ِ قفْزا,,,وثَب -ِ وثبا,,قفز الفرس فوق السور
ادَّعى -ِ ادِّعاء,,,ظنَّ -ُ ظنَّا,,ادعى رجل أن جاره سرق غنمه
فرَض -ِ فرضا,,,أوجب -ِ إيجابا,,فرض الله على عباده الصلاة
صدَّر -ِ تصديرا,,,"أرسل -ِ إرسالا، قدَم -ِ  تقديما",,تصدِّر السعودية النفط
مَصدَر,مصادر,ما يصدر عنه الشيء,قسم (ج) أقسام,,مصدر النفط في السعودية
نجم,نجوم,مَنْ يَرَى كُلَّ شَيءٍ جَمِيل,,,رأيت نجوما في السماء ليلا
شُعاع,أشعة,ضوء يرى كأنه خيوط,ضوء (ج) ضياء,,ظهرت أشعة الشمس اليوم
خَلِيّة,خَلَايَا,"بيت النحل
أصغر جسيم أو وحدة تبنى منها أجسام الكائنات الحية",,,
لَوحٌ,ألواح,كل صحيفة عريضة من الخشب أو غيره,,,كتب الأفريقي آية  القرآن على اللوح
مُشْمِسٌ,,اليوم إذا ظهرت شمسه قوية,,,الجو خلال هذه الأيام مشمس
فحم,جمع فحمة,الخشب بعد إحراقه جزئيا,,,شويتُ اللحم على الفحم
احتجب -ِ احتجابا,,,اختفى  -ِ اختفاء,ظهر -َ ظهورا,احتجت الشمس
سخّن -ِ تسخينا,,جعل الشيء حارا,دفّأ -ِ تدفئة,برّد -ِ تبريدا,سخنتُ الماء لصناعة الشاي
ولّد -ِ توليدا,,,أنتَج -ِ إنتاجا,,أنتجت السعودية النفط
جمّع -ِ تجميعا,,,,,جمّع البائع المال
حوّل -ِ تحويلا,,,غيّرَ -ِ تغييرا,,حول رجل هيئته
استمدّ -ِ استمدادا (من),,طلب المساعدة,استعان -ِ استعانة (بـــ),,استمد الفلسطينيون من العالم
استغلّ -ِ استغلالا,,,استفاد -ِ استفادة,,استغل الطالب وقتَه لطلب العلم
نفِد -َ نفادا,,,انتهى -ِ انتهاء,بقي -َ بقاء,نفدَتْ بعض الأشجار
مُعْجِزة,معجِزات,أمر خارق للعادة يظهره الله على يد النبي.,,,من معجزات النبي محمد -صلى الله عليه وسلم- نزول القرآن عليه.
خالدة,,,"باقية، دائمة",الفانية,الدار الآخرة هي دار الحياة الباقية.
مُنَجَّماً,,نزل القرآن منجما بمعنى أنه لم ينزل دفعة واحدة.,مُفَرَّفاً,,أنزل الله القرآن منجما على رسوله لثبات قلبه وتجديد قوته.
حَسَبَ,,,وِفْقاً,,
سَهْلٌ,,,يُسْرٌ,"صَعْبٌ، عُسْرٌ",هذا السؤال سهل جدا.
إِصْبَعٌ,أَصَابِعُ,جزء من اليد أو القدم.,,,يد الإنسان العادية تحتوي على خمسة أصابع
عَصا,عَصَواتٌ,عودة من الخشب يتوكأ عليها ويهش بها على الغنم.  ,عُوْدٌ (ج) أَعْوَادٌ,,توكأ جدٌ على عصاه.
خَبرٌ,أَخْبَارٌ,معلومات عن الأحداث الجارية أو التي جرت بحيث يتم معرفتها من خلال الوسائل الاجتماعية.,نبَأٌ (ج) أَنبَاءٌ,,جاءني خبرٌ مفَرّحٌ
عِبْرَةٌ,عِبْرٌ,الاتِّعَاظُ والاعتبار بما مضى ,دَرْسٌ (ج) دُرُوْسٌ,,وجد محمد العبرة من المصيبة أصابته.
مَعْرِفَةٌ,مَعَارِفُ,الإدراك والوعي وفهم الحقائق عن طريق العقل المجرد.,علم (ج) علوم,,قرأت فاطمة المعرفة الصحية.
تِبْيَانًا,,,تَوْضِيْحًا,,حديث النبي قد يكون تبيانا للقرآن.
عَقِيْدَةٌ,عَقَائِدُ,الحكم الذي لا يقبل الشك فيه لدى معتقده.,,,علمني الأستاذُ العقيدةَ الصحيحة.
مُبِيْنٌ,وَاضِحٌ,,,,
لِسَانٌ,أَلْسِنَةٌ,لغةٌ.,,,أنزل القرآن بلسان عربي. 
رُوْحٌ,أَرْوَاحٌ,خلق من خلق الله تعالى جعله الله في الأجسام فأحياها به وأعلمها وأقدرها.,,,نزع الله روحَ فلان عند الفجر فتوفي.
ظَهِيْرًا,,,مُعِيْنًا,,
قَدْرًا,,,"مِقْدَارَا، عَدَدًا",,أنجز الطالب الواجب قدر استطاعته.
وَاسِطَةٌ,وَسَائِطُ,,وسيلة (ج) وسائل,,الدراسة واسطة النجاح.
مُنْذِرٌ,مُنْذِرُوْنَ,,"مُحَذِّرٌ (ج) محذرون
مُنَبِّهٌ (ج) منبهون",,حذَّر المنذرُ الطفلَ من السقوط.
فَرِيْضَةٌ,فَرَائِضُ,ما أوجبه الله على عباده من حدوده التي بينها بما أمر وما نها عنه.,واجب,,طلب العلم فريضة على كل مسلم.
حَدٌّ,حُدُوْدٌ,المنع.,,,لا نتجاوز من حدود الله.
قارِئٌ,قُرَّاءٌ,من يقرأ.,مُتَلَوٍّ,,قرأ القارئ صورة البقرة.
مَوْقِعَةٌ,مَوَاقِعُ,صراع بين مجموعتين أو أكثر.,مَعْرَكَةٌ (ج) مَعَارِكُ,,موقع الجمل تحدث في البصرة عام 36ه.
نُسْخَةٌ,نُسَخٌ,التمثيل.,النقل,,نُسِخَ القرآنُ نسَخًا كثيرة
جِنِّيٌّ,جِنٌّ,خلق من خلق الله يخفى ولا يُرى.,,الإنس,خلق الله الجن من النار.
ثَبَّتَ ـِ تَثْبِيْتًا,,جعله ثابتة.,أَكَّدَ ـِ تَأْكِيْدًا,شَكَّكَ ـِ تَشْكِيْك,ثَبَّتَ الرئيسُ القرارَ.
رَتَّلَ  ـِ  تَرْتِيْلًا,,أحسن تلاوته.,جَوَّدَ ـِ تَجْوِيْدًَا,,رَتَّلَ القارئُ القرآنَ ترتيلا.
اِنْشَقَّ ـَ اِنْشِقَاقًا,,,اِنْقَسَمَ ـِ اِنْقِسَام,اجْتَمَعَ ـِ اِجْتِمَاعا,انشقَّ القمرُ انشقاقا.
تَحَدَّى ـَ تَحَدِّيًا,,طلب المنافسة أو المباراة,بارى ـِ مباراة,,تحدّى محمدٌ جميعَ الطلاب أن يأتوا بطعام مثل طعامه.
أَعْجَزَ ـِ إِعْجازا,,جعله عاجزا,أَضْعَفَ ـِ إِضْعافا,قوّى ـَ تَقوِيَة,أعجز الاختبارُ الطالباتِ بأسئلته.
أَيََّدَ ـِ تَأيِيْدا,,,"شَجَّعَ ـِ تَشْجِيْعا
قوّى ـِ تَقوِيَة",,أيد محمدٌ رأيَ زيدٍ.
دَوَّنَ ـِ تَدْوِيْنا,,عملية التسجيل عن طريق الكتابة,أَلَّفَ ـِ تَأْلِيْفا,,دوّن الطالب الدرس.
سَلَّمَ ـِ تَسْلِيْما (إلى),,,أَعْطى ـِ إِعْطاءا,,سَلّم أبٌ هديةَ إلى ابنه.
تَسَرَّبَ ـَ تَسَرُّبا,,هروب المادة عن غير عند.,اِنْتَشَرَ ـِ اِنْتِشَارا,,لا أحد يعرف كيف تسربت المياه
مشهور,,,معروف,,
خبيث,خبث,ذكر الشياطين,,,
خبيثة,خبائث,أنثى الشياطين,,,
غفران,,,مغفرة,,
فضاء ,أفضية,مكان مفتوح,,,
غائط,غِياط,,فضلة ج فضلات,,
تمرين,تمارين,,تدريب ج تدريبات,,
شفيع,شفعاء,صاحب الشفاعة,,,
فذ,أفذات,,فرد ج أفراد,,
ناشئ,ناشؤون,,شابّ ج شباب,,
ثواب,ثوابون,,,,
بزغ ـَ بزوغا,,,"طلع ـَ طلعا
ظهر ـَ ظهورا",,بزغت الشمس
 أحيا ـِ إحيائا ومحيٍ,,,,أمات ـِ إماتة,
استقبل ـِ استقبالا,,,,استدبر ـِ استدبارا,
شرّق ـِ تشريقا,,,,غرّب ـِ تغريبا,
حرص ـِ حرصا (على),,,رغب ـَ رغبة (في) ,,
تجنّب ـَ تجنّبا,,,ابتعد ـِ ابتعاد (عن),,
تنزّه ـَ تنزّها,,,تطهّر ـَ تطهّرا,,
أجار ـِ إجارة (من),,,أنقذ ـَ إنقاذا (من),,
حمد ـَ حمدا,,الحمد الله,,,
كبّر ـِ تكبيرا,,الله أكبر,,,
تيسّر ـَ تيسرا (من),,,استطاع ـِ استطاعة,,
تيسّر (ل),,,أمكن ـِ,,
توكّل ـَ توكلا (على),,,اعتمد ـِ اعتماد (على),,
بلد,بلاد,,,,
نحو,أنحاء,,,,
قُلّة,أقليّات,,,,
بلاد الاغتراب,,البلاد التي غرب عنا,,,
دوائر,,ديار,دائرة,,
عديدة(صفة),عديدات ,,كثيرة,,
عالم,عوالِم,الخلق كله,,,
أمر,أمور,,شأن,,
ناحية,نواحٍ,,جانب وجهة,,
أثناء,,,خلال,,
مؤسسة,مؤسسات,منشأة تؤسس لغرض معين,,,
قضية,قضايا,,حكم,,
حال,أحوال,,تمّ,,
شخصية,,منسوب إلى شخص,,,
ثقافة,,المعارف التي يطلب الحذق فيها,,,
مجتمعة,مجتمعات,فرقة من الناس,,,
جديدة (صفة),,,,قديم (صفة),
أثر,آثار,,علامة,,
خطير,خُطُر,,,,
سُلْطة,سُلُطات,,سيطرة,,
قوّامة,,القيام للّه بحقوقه,,,
وَفْق,,,متوافقون,,
قانون,قوانين,,نظام,,
واسطة,وسائط,ما يتوسل به إلى الشيء,,,
محكمة,,هيئة قضائية تتولى الفصل في المنازاعات,,,
تعدد الزوجات,,يتزوج الرجل بامرأة أكثر من واحدة,,,
ضرورة,ضرورات,,مشقّة,,
نِسبَة,,,صلة أو قرابة,,
مرحلة,مراحل,المسافة يقطعها السائر في نحو يوم,,,
عام (صفة),,,,خاص (صفة),
مبلغ,مبالغ,,,,
وزير,وُزَراء,رجل الدولة,,,
الواقع,,الحقيقة,,,
أهمية,,مكانة,,,
موضوع,موضوعات ومواضع,,,,
معظم,,أكثره,,,
قيد,قيود,الإثبات,,,
موقف,مواقف,,,,
حجاب,أحجبة,,الساتر,,
ميّت,موتى,,,,
صندوق,صناديق,,,,
تابوت,توابيتُ,,,,الصندوق الذي يوضع فيه الميت(فقهية)
اغترب ﹻ اغتراباً,,نزح عن الوطن,,,
نشر ﹹ نشراً,,,بسط -ُ,,
أدّى ﹻ أداءً,,,"قضى ﹻ
أتمّ  ﹻ",,
أصبح ﹻ إصباحا,,,صار ﹻ,,
واجه ﹻ مواجهة,,,قابل ﹻ,,
مارس ﹻ ممارسة,,,عمِل,,
وجد ﹻ وجداً,,,"حصل ﹹ حصولا
أدرك  ﹻ إدراكا",,
صعب ﹹ صعوبة (على),,,عَسُر ﹹ عسر,,
منع ﹷ منعاً,,,حرّم -ِ تحريما,,
تعلّق ﹷ  تعلّقا,,,تمسّك ﹷ تمسّكا,,
حاول ﹻ محاولة,,بذل الجهد,,,
ذاب ﹹ ذَوْباً,,سال بعد جمود,,,
أضعف ﹻ إضعاف,,جعله ضعيفا,,,
أجرى ﹻ إجراء,,جعله يجري,أرسل ﹻ إرسالا,,
رغب ﹷ رغبة (في),,,أحبّ  ﹻ,,
وزَّع ﹻ توزيعا,,,قسّم ﹻ تقسيما,,
كمل ﹹ كمالا,,,تمّ  ﹻ تمام,,
عدم ﹻ عدامة,,,عجز  ﹻ عجزا (عن),,
اندمج ﹻ  اندماج,,الاتحاد والشِرْكة,,,
لجأ ﹻ لَجْئاً (إلى),,,قصد ﹻ قصدا,,
خَصَّص ﹻ تخصيصاً,,جعله خاصّاً,,,
اختلط ﹻ اختلاطاً,,تدخّل معه,,,
حارب ﹻ حرباً,,قاتله,,,
وصل ﹻ وصولا,,,بلغ -ُ بلوغا,,
طرد  ﹹ  طرَداً,,صار مباحا,,,
حَلّ ﹻ حلا,,,,,
دفن  ﹷ دفنا,,ستره وواراه في التراب,,,
كفّن ﹻ تكفينا,,إلباس الميت الكفن,,,
تقرير,تقريرات/ تقارير,اِتَّخَذَ الأَمْرَ,,,
مصدر,مصادر,,أساس,,
تشريع,,,قانون,,يلْتَزِمُ أحمد بِالتَّشْرِيعِ الإِسْلاَمِيِّ
مبين,,,واضح,,
حرج,أحراج,,ضيق,,زيد لا يشعر بالحرج من هذا المشروع
متكئ,,,معتمد,,عمر متكئا على الكرسي
التَّثَبُّتُ فِي,,,التَّشَاوُرُ,,
نظير,,,مثيل,,
شامل,,,عام,,
ناحية,نواحٍٍ,,,,
منهج,مَناهِجُ ومَناهيجُ,,طريق,,
هرم,,شيخوخة,,,
إياك,,احذر,,,
بيّن -ِ تبيينا/بيان (على),,أوضح -ِ إيضاحا,,,
أنزل -ِ إنزالا(إلى),,,,,
نطق -ِ نطقا,,تكلّم -َ تكلما/كلام,,,
اتّبع -ِ اتّباعا,,,خالف -ِ تخالفا/خلاف,,
أجمع -ِ إجماعا,,اتّفق -ِ اتّفاقا,,أجمع القومُ على الأمر,
أيّد -ِ تأييدا,,قوّى -ِ تقوية,,,
سلّم -ِ تسليما (إلى),,أعطى -ِ إعطاء,,سلّم الأستاذُ الهديّة إلى طالبه,
شجر -َ شجرا,,تنازع -َ تنازعا,,شجر العمال في تقسيم العمل,
أبى -َ إباء,كرِهه ولم يرض به,رفض -ُ رفضا,,أبَتْ نَفسُهُ الفَسَادَ,
عمِل –َ عملا (على),,حاول -ِ محاولة,,عمِل الطبيب على عمله,
نضَّرَ-ِ تنضيرا,,نوّر -ِ تنويرا,,نضَّر اللهُ وجهَك,
أوعى -ِ إيعاء,جعله أن يفهم,أفهم -ِ إفهاما,,أوعى الأستاذ طلابه الدرس,
تبوَّأَ -َ تبوّءا,,اتخذ -ِ اتّخاذا,,,
قبِل -َ قبولا,,,رفض -ُ رفضا,قبل يوسف نكاحها,
حوَى -ِ إحواء,"اشتمل عليه، جمعه",,ضمّ -ُ ضمّ,,
شدّ -ُ تشديدا,,قوّى -ِ تقوية,,,
تداوَى -َ تداو,,عالجَ -ِ علاج,,,
اغتنمَ -ِ اغتناما,,استفاد -ِ استفادة,,اِغْتَنَمَ الطالب فُرْصَةَ زِيَارَةِ الْمُدِيرِ لِيَطْرَحَ عَلَيْهِ مَشَاكِلَهُ,
أنقذَ –ِ إنقاذا (من),,أنجى -ِ إنجاء,,,
قذَفَ –ِ قذف (في),,رمَى -ِ رمي,,قذَفه في البحر,
معرفة,معارف,,علم (ج) علوم,,
مجالسة,,الجلوس مع شخص أو شخص الآخرين,,,
كاتب,كتّاب,,مؤلّف (ج) مؤلّفون,,
سالف,سالفون/سوالفُ,,,,
معاصر,معاصرون,عاش معه في عصر واحد,,,
وحي,,ما يلقيه الله على الرسل والأنبياء,,,
مربٍ (المربي),مربون,المعلم أو الشخص الذي يقوم بعملية التربية,,,
عابر,,,مارن/ ظاهر/ عارض,,
حصيلة,حصائلُ,ما حصل من أقوال وغيرها ,نتيجة (ج) نتائجُ,,
منتصف,,,وسط,,
علاقة,علائقُ / علاقات,,رابطة,,
قدرة,,,قوة,,
متعة,مُتَع,ما يتمتع به الإنسان من أشياء حسية أو معنوية ,,,
هزلية,,,مضحكة / فكاحة,,
ملائمة,,,مناسبة / موافقة,,
مرونة,,,لين / لينة,صَلابة,
ظاهرة,ظواهرُ,ما يدرِك ويلاحظ,أمر / شيء عام / بارز,,
واقعة,وقائع,مصادمة في أرض الحرب,,,
مصيبة,مصائبُ,إحدى المصائب ونوازل,,,
واضح,,,ظاهر / بيّن ,خفي,
متعلقة,,,مرتبطة,,
مغامر,مغامرون,الذي لا يخشى الشدائد,,,
حرِص ﹹ  حرصا (على),,رغب في الشيء بالشدة,,,
انتزع -ِ انتزاعا,,,اقتلع -ِ اقتلاعا,,تخرَّجتُ في مرحلة المتوسطة
مزّق -ِ تمزّيقا,,جعله قطعا,فرّق -ِ تفريقا,,
اكتسب -ِ اكتسابا,,كسب وحصل على الشيء,طلب -ُ طلبا,,
قلّب -ِ تقليبا,,,,,قلّب الشيء عدة مرات لجعله أسفله أعلاه بقوة.
سمّى -ِ تسمية,,أعطى الاسم لشخص أو لشخص ليعرف به,,,قول باسم الله
أدرك -ِ إدراكا,,,رأى / فهم / استوعب,,
مدّ -ُ مدا,,,زاد / أطال,,
علّق -ِ تعليقا,,وضع على الشيء بيان ما في الشيء من المحاسن والمساوي ,,,
لجأ -ِ لجوءً,,,قصد -ِ قصدا / توجه -َ توجها,,
أصبح -ُ إِصباحا,,دخل في وقت الصبح,,أمس -ِ ,
عُجب -َ,,,اُستغرب -َ استغرابا,,
عَجب -َ عجبا,,,دهش / استغرق,,
ظلّ -ِ ظلالا,,,بقي / مكث,,
تنافى -َ تنافيا,,,,,
عقل,عقول,القدرة التي تمكن الإنسان من عملية التفكير,,,
هجرة,هجرات,الانتقال من بلد إلى بلد آخر,,,
مرموقة,,,عالية,,
ملائم,,,"مناسب، موافق",,
تضحية,,,"بذل، تبرع",,
معتقل,معتقلون,المكان الذي يعتقل الإنسان,"محبس، سجن",,
حوية,,العيش بلا قهر,,عبودية,
حريص,حريصون,شديد الرغبة في الشيء,,,
وضع,أوضاع,,هيئة / حال,,
إحصاء,إحصاءات,,,,
نسبة,نسب,مقدار العلاقة بين الشيئين,,,
فيزياء,,العلم الطابعي,,,
نادر,نادرون,,قليل,,
نحو,,,تقريبا,,
عودة ,,,رجوع,,
مطلق,,غير مقيد,حرّ,,
أمل,آمال,توقع حصول الشيء,رجاء,يأس,
سهُل  ﹹ  سهولة,,,هان  ﹹ  هونا,صعُب  ﹹ  صعوبة,
تخرَّج  ﹷ  تخرُّجا (في),,أنهى تعلّمه بنجاح,,,تخرَّجتُ في مرحلة المتوسطة
استقرّ –ِ استقرار,,سكن وبقي مدة طويلة,ثبت -ُ ثبوتا,,
حار -ِ حيرة,,ضل سيله لا يدري ماذا يفعل,,,
دقّ -ُ دقة,,,صغُر -ُ صغر,,
صمّم -ِ تصميما,,,خطَّط -ِ تخطيطا,,
أحصى -ِ إحصاء ,,,عدّ وأحاط,,
ساهم -ِ مساهمة,,,"شارك، ساعد، عاون",,
استفاد -ِ استفادة,,,انتفَع -ِ انتفاعا,,
أكّد -ِ تأكيدا,,,"ثبّت، حقّق",,
اثرى-ِ إثراء,,المال والعلم,"أغنى، كثّر",,
انقلَب -ِ انقلاب,,تغير وصار الأعلى أسفل والأسفل أعلى,"رجع، عاد",,
تفاءل -َ تفاءلا,,,استبشر,تشاءم,
افتقر -ِ افتقارا,,صار فقيرا,احتاج إلى,,
تفادى -َ تفادٍ/التفادي,,,تجنّب -َ تجنّبا,,
قصّر -ِ تقصيرا,,جعل الشيء قصيرا,"تهاون، أهمل",,
ساء -ِ سوءا,,,"قبُح، شان",أحسن,
نظّم -ِ تنظيما,,,رتّب -ِ ترتيبا,شقّق -ِ,
نفِد -َ نفادا,,انتهى وفني,,بقي -َ,
انعدم -ِ انعداما,,,"زال، اختفى",,
ضرورة,,حاجة,قسم (ج) أقسام,,
كائن,كائنات,مَوجود,مخلوق,,
قطّ,قطط,,هرّ ج هِرَر,,
عضلة,عضلات,عضو لحمي يحدث بانقباض أليافه حركة في الجسم,,,
قيّوم,,قائم,,,
سِنَةٌ,,النُعَاس قبل النوم,عفوة,,
وتيرة,وتائرُ,مداومة,أسلوب ج أساليب,,
مريح,,فيه راحة,,متعب,
دقّة,دقّات,,نبضة ج نبضات,,
معاش,معايش,من طعام وشراب وغيرهما,,,
خطر,أخطار,عمل يؤدي إلى الأذى والهلاك والخسارة,,,
عصرية,,,زمنية,,
عصب,أعصاب,خيوط تمتد في الجسم تنقل الحس والحركة ,,,
يقظة,,الانتباه من النوم,,,
حلم,أحلام,ما يراه النائم في نومه,,,
ناقض,نواقضُ,مبطل,مفسد,,
وفاة,وفيات,,موت ج أموات,,
فطرة,فطر,,صفة/ خلقة/ طبيعة,,
بركة,بركات,,نماء/ زيادة,,
سرعة,,,بطء,,
سبات,,,داحة,,
ستر,,إخفاء,,,
انفعال,انفعالات,التأثير بالشيء سلبا وإيجابا,غضب,,
تآلف (مع),,,معاشرة/ مصاحبة/ معاملة,,
بٌعْد,,,,قُرب,
قَيْلولة,,النوم قبل الظهر والنوم بعده,,,
فاتر,,,خفيف/ضعيف,,
الجهاز العصبي,,Sistem saraf ,,,
مساعدة,,ما يساعد الغير,معاونة,,
مستمر,,,دائم,,
سِيّما,,"خلّصة، ولا ترد إلا مسبوقة بلا نافية",,,
كافٍ,,الذي يكفي ويغني,,,
طبيعة,طبائع,كل ما في الكون من جبال وبحار وأرض وسماء...إلخ,,,
منتظمة,,,مستمرة,,
بُكور,,,صباح,,
طاب -ُ طيبة وطيبا,,صار طيبا / حسنا / مقبولا,حسن  ﹹ  حسنا,,
التفّ -َ التفافا,,,تجمّع -َ تجمّعا,,
نفى -ِ نفيا,,أنكر الشيء وجحد,,أثبت -ِ إثباتا,
سبّب -ِ تسبيبا,,,أَحْدَثَ/ قَادَ إلى,,
تمنى -َ تمنيا,,أحب وتطلّع إلى حدوث الشيء,,,
توتّر -َ توتّرا,,شعور بالضيق والاضطراب,,,
استرخى -ِ استرخاء,,جعله في الرخاء,,,
تنفّس -َ تنفسا,,عمليّة إدخال الهواء إلى الرئتين وإخراجه,,,
تحكّم -َ تحكما,,سيطر على الشيء وتمكن منه وأداره كما يريد,,,
توفّر -َ توفّرا,,,أمات -ِ إماتة,,
حمِد -َ حمدا,,,أثنى -ِ إثناء,ذمّ -ُ ذمّا/مذمّة,
أرشد -ِ إرشادا,,,وجّه -ِ توجيها,,
هجَع -َ هجْعا/هجوعا,,نام بالليل,,,
بكّر -ِ تبكيرا وبكورا,,جاء في أوّل النهار,,,
أرِق -َ أَرَقا,,لا يستطيع النوم,,,
اكتسب -ِ اكتسابا,,,"حصَل -ُ (على)
كسَب -ِ",,
بعُد -ُ بُعْدا,,,نأَى -َ,قرُب -ُ,
نعَس -َ نُعاسا,,قارب النوم,,,
نادرة ,نوادرُ,,قليلة/غريبة (ج) غرائب,,
طرفة ,طرائف,الحديث الجديد المستحسن,,,
طُفَيلي ,طفيليون,الشخص الذي يذهب إلى الحفلات والولائم وغيرها,,,
وليمة ,ولائمُ,طعام يُدعى له جمع من الناس,,,
مَدِيح ,مدائحُ,الكلام الذي يُمدح به,,,
أمير ,أُمراءُ,من يتولى إمارة,,,
أشعبُ,,رجل من المدينة كان مولى لعثمان بن عفان ,,,
لَئِيم ,لِئامٌ,الشخص الذي يجتمع فيه صفات غير حميدة,بخيل (ج) بُخَلاء,كريم (ج) كِرام,
كريم ,كُرَماءُ,الذي يعطي أو يتصدق,,بخيل (ج) بخلاء,
قَصْعَة ,قِصاعٌ,يُوضع فيه الطعام,إناء(ج) أوانٍ(الأواني),,
سمٌّ ,سُمومٌ,مادة قاتلة للإنسان أو الحيوان أو النباتات,,,
دُلامَة,,اسم على عربي من دلم,السواه,,
قصيدة ,قصائد,,شِعر,,
تَفاهة ,تَفاهات,شيء أو أمر قليل الشأن,,دناءة/حقارة,
جَواد ,جِياد,الشخص الكريم/ الحصان الأصيل,,,
نفقة,,ما ينفق من مال وهو على الزوجة والأولاد وغيرها,,,
ذكي ,أذكياء,الشخص سريع الفهم,ماهر (ج) ماهرون,جاهل (ج) جهلاء,
سَحابَة ,سُحُب/ سحاب,,الغيم,,
حِمار ,حمير/ حُمُر,الحيوان كالحصان والبغل,,,
غاوٍ ,غاوون,,ضالٌّ (ج) ضالّون,,
 تمالك -َ تماُلكا ,,تحكُّما في الشيء,تماكن,,
أدام –ِ إدامة,,جعله دائما,,,
شَكَر –ُ  شُكرا/ شُكورا,,أثنى وذكر الفضل والنعمة,,,
صبر –ِ صبرا,,احتمل المكروه دون أن يشكو,,جَرِع -َ جرعة,
قَصَد –ِ قصْدا,,,عَنَى/أراد,,
أنشد –ِ إنشادا,,عنى شِعرا,,,
غَوِي –ِ غيّا/غَوَيَة,,,,اهتدى -ِ اهتداء,
استحيا –ِ استِحياء ,,تركه حَيّا/ عفا عنه,,,
غرِق –َ غرقا,,نزل تحت الماء (في الماء),غاص –ِ غصا,,
مدَّ –ُ مدّا,,,زاد/ أطال,,
حشا –ُ حشوا,,,ملأ -َ ملء,,
عدا –ُ عدوا,,,جرى -ِ جريا,,
ذكا -ُ ذكاء,,,تكلّم -َ تكلّما,,
حفَر -ِ حفر,,بحث وأخذ من فيها حفرة,,دفن -َ دفنا,
رَبِح –َ رِبْحا,,,كَسَب –ِ كَسْبا,خَسِر -َ خُسرانا,
أعجَب –ِ إِعجابا,,,سرّ –ُ سرورا,,
عَجَب –َ عَجْبا,,,تَعَجَّب -َ تعجّبا,,
عَدَّ -ُ عدّا,,,حسَب -ُ حساب,,
مساواة,,,"معادلة،  مماثلة",,
مبدأ,مبادئ,,أصلٌ,,
داعٍ,دعاة,,,,
نظريّ,,,,"تطبيقيّ، عمليّ",
قطر,أقطار,,ناحية,,
تكليف,تكاليفُ,,"واجب، تحميل، فريضة",,
حدّ,حدود,عقوبة مقررة على الجاني,,,
شريف,شرفاءُ,,,وضيع,
معتدٍ/ المعتدي,,,ظالم,عادل,
معتدى على,,,مظلوم,,
درّة,دررٌ,,"عصا، سوط",,
وضيع,وضعاء,,دنيء,"كريم، شريف",
أروع,,,"أجمل، أحسن",,
ضرب,,,"مثل، نوع",,
حرّ,أحرار,,,عبد,
صفّ,صفوف,,,,
ضلٌّ,,,,مهتدٍ,
دفْع,,,"ردّ، منع، إزالة",,
خصم,خصوم,,"مجادل، عدو",,
ساوى -ِ مساواة,,,"عادل -ِ
ماثل -ِ",,
قرّر -ِ تقريرا,,,حقّق -ِ تحقيقا,,
آخى -ِ إخاء,,جعل الشخص أخا له,,,
سبق -ِ سبقا,,,تقدّم -َ تقدّما,,
نفّذ -ِ تنفيذا,,,"أجرى -ِ 
عمل-َ
طبق -َ",,
طالب -ِ مطالبة (ب),,طلب مع إلحاح,ألّح -ِ إلحاح,,
استشفع -ِ استشفاعا,,طلب الشفاعة,,,
نعم -َ نعمة,,,استمتع -ِ استمتاعا,,
ولد -ِ ولادة,,,أنجب -ِ إنجابا,,
استعبد -ِ استعبادا,,جعل شخص عبدا,استرقّ -ِ استرقاق,,
كنّى -ِ تكنية,,دعا بالكناية,سمّى -ِ تسمية,,
تقاضى -َ تقاض,,,تحاكم -َ تحاكما,,
ولي -ِ ولاية,,,"قام -ِ ب
حكم -ُ",,
أنّب -ِ تأنيبا,,,"وبّخ -ِ
لام -ُ",,
استرضى -ِ استرضاء,,طلب الرضى,,,
أسفق -ِ إسفاقا (على),,خاف على ورقّ,,,
أعزّ-ِ إعزاز,,,قوّى -ِ تقوية,,
تبع -َ تبعا,,,اقتدى -ِ اقتداء,,
تجاوز-َ تجاوزا,,,تلاصق -َ تلاصقا,,
أقام -ِ إقامة (على),,,أدّى -ِ أداء,,
راعى -ِ مراعاة,,,حافظ-ِ محافظة,,
أعزّ -ِ إعزازا,,,أكرم -ِ إكراما,,
شتم -ُ شتما,,,عاتب -ِ عتابا,,
استثنى -ِ استثناء,,أخرجه من القاعدة,,,
رِفْق,,,لُطْف,قسوَة / شِدَّة / عُنْف,
خصِيصَة,خَصائِصُ,,صِفَة,,
طَبِيعة,طَبائِعُ,,سُلُوك / خُلُق,,
شُعُور,,,إحساس,,
دابَّة,دَوابّ,,حَيَوان,,
جناح,أجْنِحة,,,,
بهِيمة,بهائِمُ,,حيوان,,
كَبِد,أكْباد,ذات كبد رطبة = ذات روح,,,
رَطْب,,,مبلُول / مُبْتَلّ,,
دِفْء,,,,بَرْد,
بيْنَما,,في الوقت الذي,,,
نَعَم,أنعام,,,,
مَنْفعة ,مَنافِعُ,,,,
جمال ,,,زِيْنَة,,
ذِهْن,أذْهان,,عَقْل,,
ثَقَل,أثْقال,,حِمْل,,
بالِغ,بالِغُون,,واصِل,,
بَغْل,بِغال,ابن خيل وحِمار,,,
مِنْبَر,مَنَابِرُ,مكان القيام,,,
حائِط,,,جِدار / بُسْتان,,
ذِفْرى,ذِفْريات / ذَفارى,العظم المائل خلف الأذن,,,
عُصْفُور,عصافِيْرُ,نوع من الطيور الصغيرة,,,
سلْخ,,نزع الجلد عن اللحم,,,
شِقّ,,,مشقَّة,,
إصابة,,,رمْي,,
نَبْل,نِبال,,سَهْم,,
الكيّ,,من فعل الكيّ,,,
شَفْرة,,سكين عظيمة حادة,,,
ذبِيحة,,ما يُذبح من الحيوانات للأكل,,,
حُمَّرة,,نوع من الطيور,,,
فَرْخ,أفراخ,ولد الطائر,,,
ثَبْت,ثُبوت,,مَلَف,,
وقْف,أوقاف,حبس العين,,,
بَعِير,أبعِرة,,,,
رفق -ُ رِفْق (ب),,,لطف -ُ لُطْف,,
عطِش -َ عطَش,,أحسّ بالحاجة إلى شرب الماء,ظمِئ -َ ظمَأ,,
وَدَعَ -َ وداعا,,,ترك -ُ تركا,,
سخّر -ِ تسخير,,,هيّأ -ِ تَهْيِئَة,,
لهث -َ لَهْث,,أخرج لسانه من حر أو عطش,,,
أراح -ِ إراحة,,ساق الأنعام إلى منزله,,سرح -َ سُرُوح = أخرح الأنعام صباحا,
أرهق -ِ إرهاق,,,أتْعب -ِ إتْعاب,,
ضَمِن -َ ضَمان,,,كفل -ُ كَفْل,,
حنَّ -ِ حنين,, أَحْدَثَ صَوْتاً شَوْقاً إلَى وَلَدِه,اشتاق -َ اشتِياق,,
ذرَفَ -ِ  ذَرْف,,سال الدموع,,,
أجاع -ِ إجاعة,,جعله جائِعا,,,
أحدّ -ِ إحْداد,,,,,
فجع -َ فَجْع,,,آلم -ِ إيلام,,
حمّل -ِ تحميل,,,كلّف -ِ تكليف,,
ساق -ُ سِياقة,,,قاد -ُ قِيادة,,
أردف -ِ إرداف,,أركب خلفه,,,
وسم -ِ وَسْمَة,,وضع علامة,,,
فرَشَ -ِ فَرْش,,,بسط -ُ بَسْط,,
زجر -ُ زجْر,,,طرد -ُ طَرَد,,
مثل,أمثال,عبارة تحكي ما حدث في موقف ما استفاد منها في موقف أخرى,"مشابهة، درس، عبرة",,
مثال ,أمثلة,,"نموذج، نماذج",,
مثل,أمثال,,"شبه، نظير",,
مثيل,أمثال,,"شبيه، نظير",,
إسكافي,أساكفة,صانع الأحذية أو إسكاف,,,
أعربي,أعراب,ساكن البادية من العرب,,,
شحيح,أشحة,,"بخيل، لئيم","كريم، جواد",
مرعى,مراع,مكان للرعي,,,
ثار,,,انتقام,,
دية,,مبلغ من المال يدفعه القاتل لأهل المقتول,,,
خلف,,عدم الوفاء,إنكار,,
جزاء,,,"ثواب، مكافأة",,
سطح,سطوح,أعلى الشيء,,,
قصر,قصور,بيت الملك,,,
ميعاد,مواعيدُ,وقد الوعد,,,
نخلة,,شجرة التمر,,,
عدو,أعداء,,,,
إذ,,لأن,,,
متوفر,متوفر,كثير,,,
نهب,نهب,سرقة,,,
صلح,صلح,,توفق = مسالمة,"خصومة، عداء",
خطيب,خطيب,,,,
دم,دم,,,,
غفلة,غفلة,,,انتباه,
ركب,ركب,مجموعة من المسافرين,مسافرون,,
سلب,سلب,,,إيجاب,
نبح –َ نباحا,,صوت الكلب,,عوى -ِ عواء,
ثأر –َ ثأرا,,,,انتقم -ِ انتقاما,
خاب –ِ خيبة,,,ربح -َ ربحا,خسر –َ خسرانا,
أخفق -ِ إخفاقا,,,,فشل -َ فشل,
ندم –َ ندامة (على),,,,أسف –َ أسفا (على),
صعد –َ صعودا,,,نزل –ِ نزولا,ارتقى –ِ ارتقاء,
ضرب –ِ ضربا,,,,"مثّل-ِ تمثيلا
شبّه -ِ تشبيها",
ساوم –ِ مساومة,,يكون في عملية البيع والشراء,,فاوض –ِ مفاوضة,
أغاظ -ِ إغاظة,,اشتد غضبه,,أبغض –ِ إبغاض,أغضبه غضبا شديدا 
رقب -ُ رقوبا,,,,"لاحظ –ِ ملاحظة
حرس –ُ حاسة",
انتهز -ِ انتهازا,,أخذ بسرعة,,"اغتنم –ِ اغتناما
استفد -ِ استفادة",
أغضب –ِ إغضابا,,,أضحك -ِ إضحاكا,أسخط -ِ إسخاطا,
اطّلع –ِ اطلاعا,,ظهر طلعها,,أظهر -ِ إظهارا,
زها –ُ زهوا,,أصفر/ احمر اللون ثمرة,,"نما –ُ نموا
نضج –َ نضجا",
أرطب -ِ إرطابا,,صار رطبا,,,
ضيَّع –ِ تضييعا,,,,"أهمل –ِ إهمالا
أفقد -ِ إفقادا",
أبقى –ِ إبقاء,,,,ترك -ُ ترركا,
يئس –َ يأسا,,انقطع عمله,,,
جلب –ُ جلَبا,,أتى بالشيء,,أحضر -ِ إحضارا,
أخلف –ِ إخلافا,,,أوفى -ِ إيفاء,"أنكر –ِ إنكارا
خان -ُ خيانة",
جنى –ِ جناية (على),,ارتكب جناية,,"أساء –ِ إساءة (إلى)
أذنب -ِ إذنابا",
هاجم –ِ مهاجمة,,اندفع فجأة,,,
أقبل -ِ إقبالا,,أتى بالشيء,,"جاء –ِ جيء
حضر -ُ حضور",
حذر -َ حذرا,,,,"انتبه –ِ انتباها
استعدّ –ِ استعدادا
تيقّظ -َ تيقّظا",
حقف,,,,,
حفظ -َ حفظا,,,منع -َ منعا,,
بعث -َ بعثة,,,,أرسل -ِ إرسالا,
سلب –َ سلبا,,,,"أخذ –ُ أخذا
انتزع -ِ انتزاعا (قهرا)",
نهب -َ نهبا,,أخذ الشيء بالقوة والقدر,,سرق -ِ سراقة,
خلاف,خلافات,,نزاع,اتفاق,
سلامة,سلامات,,صحة,مرض,
أمل,,,رجاء,يأس,
مزاج,أمزجة,طبع/الحال النفسية من سعادة وحزن,,,
براءة,,بساطة/طهارة,سذاجة,,
سويّة,سوايا,استواء واعتدال,تام/ مستقيم,ملوثة,
صراحة,,,وضوح,مداهنة,
شجار,شجر,خلاف ونزاع وخصومة,,نزاع,
نهج,نهوج,الطريق المستقيم,طريقة (ج) طريقات,,
عنف,,,شدة,رفق,
مصلحة,مصالح,,فائدة ومنفعة,,
تعويض,تعويضات,,بدل,,
مشهد,مشاهد,,منظر,,
أمَدّ -ِ إمدادا (ب),,زود/أطال/ساعد وأعان,أعَان -ُ إعانة,,
غفِل -ُ غفلا (عن),,أهمل ولم ينتبه,أهمل -ِ إهمالا,,
تصرّف -ُ تصرّفا,,تعامل,فعل -َ فعلا,,
هدأ -َ هدوء,,,اطمأن -ِ اطمئنانا,,
سارع -ِ مسارعة,,,بادر -ِ مبادرة,,
رزق -ُ رزقا,,,أعطى -ِ اعطاء,,
أذى -ِ تأذية,,سبب له الضرار,,,
حطّم -ِ تحطيما,,,كسّر -ِ تكسيرا,,
عقّد -ِ تعقيدا,,,شدّد -ِ تشديدا,,
عاتب -ِ معاتبة,,,لام -ُ لاوما,,
وبّخ -ِ توبيخا,,,عذل -ِ عذلا,,
غمر -ُ غمرا (ب),,,غطّى -ِ تغطية,,
لاق -ِ لياقة,,,قابل -ِ مقابلة,,
حقد -ِ حقدا (على),,,كره -َ كرها,,
قدّر -ِ تقديرا,,,حدّد -ِ تحديدا,,
تحمّل -َ تحمّلا,,صبر عليه,صبر -ِ صبرا,,
فرك -ِ فركا,,أبغض,كره -َ كرها,,
قَضِيَّةٌ,قَضايا,,مَسْألة,,
جلاء,,,خروج/ وضوح,,
أبوّة,,علاقة القرابة من جهة الأب تقابلها أمومة رابطة الأبوة,,,
عمق,أعماق,الإخلاص الشديد,,,
دهين,,ضامن (مأخوذ بشيء),رهين ج رهائنُ,,
عطفٌ,,,إسفاق/ لطف/ رحمة,,
حِيْنٌ,أحْيانٌ,,وقتٌ,,
مُراقبةٌ,,,مُلاحظةٌ,,
مشية,,طريقة المشي وهيئته,,,
متكبّر,,,مختالٌ,,
فخورٌ,,,مفتخرٌ,,
خدٌّ,خدودٌ,جانب الوجه,,,
مَدحٌ,,مسرور شديد,فرحٌ,,
تجاوب,,,تّفاهُم/ توافُق,,
كبشٌ,أكباشٌ,شاة كبيرة,غنمٌ,,
نجاةٌ,,الخلاص من الأذى والضرر,,هَلاكٌ,
منَامٌ,,موضع النوم/النوم,حلمٌ,,
منسكٌ,مناسِكُ,,شريعةٌ ج شرائع,,
مجيْء,,,حضورٌ,عودةٌ=رجوع,
حليمٌ,,صفوح يعفو ولا يعالج بالعقوبة,متاشمع/ صبور,سفيه,
بِرٌّ,,,خير/ إحسان,عقوقٌ,
عكوف,عقام بالمكان ولزمه,,,,
حانٍ,,الشخص الذي يحنو (يعطف على الصغير),,,
مَوجٌ,أمْواجٌ,,,,
قضيّة,,,أمر/ موضوع/ مسألة,,
جلاء,,,وضوح,,
مِشْيَةٌ,,,خطوةٌ,,
مثابَةٌ,,,مَرجعٌ/ ملجأ,,
أوّاهُ,,,رقيق/ قلب,,
عِلّةٌ,,,سببٌ/ حُجَّةٌ,,
غضّ الطرف,يتجاهل,,,,
الطرف,العين,,,,
بعدا,,,هلاك/ موت/ لعنة,,
معزلٌ,معازِلُ,,,,
اعتدال,,,توسط,,
حَدّد-ِ تحدِيْداً,,عرف وأقام حدوداً,ثَبَّتِ-تثبيتاً/ عيّنَ,تَجَاوزَ -َ تجاوزا,
عطف -ِ عطفاً,,,حنا/ أشفق (على),,
تواضَعَ -َ تَواضُعاً,,,خشَعَ-َ/ تذلّل/ تخاشعَ,تَكَبّرَ,
اعْتَدَل-َ اعتدالاً,,,استَقَام -ِ استقامةً,ماَل-ِ مَيْلاً,
سَلكَ -ُ سُلُوْكاً,,,سَارَ -ِ سيراً,,
أسْلمَ -ِ إسلامٌ,,دخل في الإسلام/أخلص في الدين,فوّض/ أعطى,,
كافأ-ِ مكافأة,,(أعطى مكافأة),جزى -ِ جزاء,,
ردَّ -ُ ردّا (على),,,أرجع -ِ إرجاعا,,
حقد -ِ حقدا (على),,,كره -َ كرها,,
دلَّ -ُ دلال (على),,,أشار -ِ إشارة (إلى),,
انتهى-ِ انتهاء (إلى),,,وصل-ِ وصولا,,
راعى-ِ مراعاة,,,حفظ/ اهتمَّ,,
كابر-ِ مكابرة,,,أطالَ-ِ إطالة,,
اعْترف -ِ اعتِرافاً,,,أقرّ -ِ إقرارا,,
هجر-ُ هجرا,,,تركَ -ُ تركا,,
نجا -ُ نجاة,,,,هلك -ِ هلاك,
نجح -َ نجاحاً,,,,فشِل-َ فشالا,
اقتنع-ِ اقتناعا,,,رضِيَ-َ/ وافق-ِ,,
تبرّأ -َ تبرؤا (من),,,تخلّى-َ تخليا,,
وَعَدَ -ِ وعداً,,,تعهّدَ-َ تعهّدا,,
عَصَمَ -ِ عصماً,,,حفظ/ صان,,
أقْلَعَ -ِ إقْلاعاً,,,امتنعَ -ِ/ أمسك -ِ,,
جلا -ُ جلاء,,,وضح/ أوضح,خفِيَ,
وعَظَ-ِ وعظاً,,,نَصَحَ -َ نصيحة,,
زَوَّدَ -ِ تزويداً (ب),,أعطاه زادا,,,
كَسَبَ -ِ كسبا,,,فاز/ ربح/ حصل (على),,
جَمَعَ -َ جمعاً,,,ضمّ -ُ,,
أنكر-ِ إنكاراً,,,أقبح/ كفر,,
صَعّدَ -ِ تصعيدا,,أماله عن الناس أي أمال الحد عن الناس,,,
اقْصِدْ,,,اعتَدِلْ,,
أيَّدَ,,,أكّدَ,,
سجَّلَ -ِ تسجيلاً,,,دوَّنَ/كتَبَ,,
عدل -ِ عدلا (عن),,غيّر رأيه,رجَعَ (عن),,
بدّر-ِ تبديرا,,,صحَّح -ِ تصحيحاً,,
غَضَّ-ُ غضّاً,,,خفضَ,,
أَوَى-ِ إيواء,,,لجَأَ,,
غاضَ-ِ غيض,,,انخفض-ِ انخفاضا,ارتَفَعَ-ِ ارتفاعا,
ألْزَمَ -ِ إلزاماً,,,"أوجب-ِ إيجاباً
فَرضَ (على)",,
بَشَّرَ-ِ تبشيراً,,,أخْبَرَ-ِ إخباراً,أنذرَ-ِ إنْذاراً,
وهَبَ -ِ هبةً (ل),,,أعطى-ِ إعطاء,,
صَبَرَ-ِ صبرا (عن),,,,,الصبر عن معصية الله
صَبَرَ-ِ صبرا (على),,,,,الصبر على طاعة الله
سر,أسرار,,خفيّ (خفايا),جَهر (ج) جِهار,
عنصر,عناصِرُ,,أساس/ مادّة,,
مكوِّن,,,مركّب,,
خليّة,خلايا,,,,
نبات,نباتات,,,,
مِصْداق,,,برهان/ دليل/ تصديق,,
مِعی,أمعاءُ,,,,
كامنة,كوامنُ,مختف غير ظاهر,,,
متدثرة,,التي تغطي جسدها بالثوب,"متلفّف، متزمّل",,
غِطاء,أَغْطِيَةٌ,,,,
كَمِيّة,,,مقدار,,
قَرْن,قُرون,عظم نابت في رأس الحيوانات,,,
بَذْر,بُذور,,حَبّة (ج) حُبوب,,
ظلف,أظلاف,الظفر المشقوق في بعض الحيوانات كالبقر والغنم,ظفر (ج) أظافرُ,,
قليل,قلائلُ,,,,
مَضْمٌ,,عملية كسر الطعام داخل المعدة ,,,
نَسيج,أنسجة,مجموعة من الخلايا,,,
مفصل,مفاصلُ,ملتقى العظمين,,,
نُطْفة,نطاف,الماء الصافي,بُويضَة,,
ثدي,أثداء,,,,
سائغ,,طيب وسهل البلع,,,
دقيق,دقائقُ,ما صغر من الأشياء,,,
عَرَق,,ما يخرج من مسامّ جلد الإنسان/الحيوان,,,
قوام,قوائمُ,,أساس,,
المعتاد,,,العادي/ الطبيعي,,
زفير,,اخراج النَفَس,,شهيق,
شتّی,شتيت,,متفرق/ مختلف,,
طور,أطوار,,مرحلة (ج) مراحلُ,,
فيتامين,فيتامينات,,,,
حُموضَة,,"طعم لاذع، كطعم الليمون",,,
بديع,,,جميل,,
واردات,,,داخلات,صادرات/خارجات,
حلق,حلوق,مجری الشراب والطعام,,,
انهيار,,,سقوط,,
حاسِية,حواسّ,,,,
تَشنُّج,تشنّجات,انقضت العضلات وفقد السيطرة علی الحركة,,,
غيبوبة,,فقد وعيه,إغماء,,
معركة,مَعاركُ,,غَزْوة(ج)غزوات,,
كائن,كائنات,,مخلوق(ج) مخلوقات,,
خصيصة,خصائصُ,,مزيّة (ج) مزايا,,
زوج,أزواج,,صنف ,,
مناعة,,,حصانة,,
هُرمون,هُرمونات,,,,
مضرّة,,,مؤذية,,
غذاء ,أغذية,,,,
طعم,أطعام,,,,
عِطْر,عُطور,,مِسك,,
جنين,أجنّة,,,,
دَمْع,دُموع,,,,
سائل ,سوائلُ,,,,
صلبة,,,جامدة,سائلة,
نِسْبة ,نِسب,,,,
حَلْق,أحلاق,,,,
جِلْد,جُلود,,,,
شربة,,شَرْب مرّة واحدة,,,
غثيان,,الميل إلی التقيُؤ,,,
اختلاط,,,امتزاج,,
اختلاج,اختلاجات,,اضطراب,,
نبأ,أنباء,,خبر (ج) أخبار,,
حمی -ِ حماية ,,,حافظ -ِ محافظة (علی),,
نما-ُ نموّا,,,تطور-َ تطوّرا,,
تفاوت-َ تفاوتا,,,اختلف-ِ اختلافا,,
تذوق -َ تذوّقا ,,,ذاق/أحسّ,,
تلاصق -َ تلاصقا,,,,انفصل -ِ انفصالا,
ذرف -ِذرفا,,,سال -ِ سيلا,,
يبس -َ يبسا,,,جفّ -ِ جفافا,"رطب -َ رطبا، رطوبة",
باد -ِ بيدا,,,مات -ُ موتا,,
تشكّل -َ تشكّلا,,,تكوّن -َ تكوّنا,,
تكاثر -َ تكاثرا,,صار كثيرا,,,
تحمّل -َ تحملا,,,صبر -ِ صبرا (علی),,
خلّص -ِ تخليصا (من),,,صفّی -ِ تصفية (من),,
هضم -ِ هضما,,امتصّ الطعام,,,
شمّ -ُ شمّا,,,,,
رضع -َ رضاعة,,,أرضع -ِ إرضاعا,,
ظمئ -َ ظَمَأ,,,عطش -ِ عَطَشا,,
سمّی -ِ تسمية (ب),,,,,
عرِق -َ عَرَقا,,,,,
طرد -ُ طرْدا,,,أخرج,,
حمُض -ُ حموضة,,,سيطر (علی),,
تحكّم -َ تحكما (في),,,,,
تستغنی -َ استغناء (عن),,,اكتفی -َ اكتفاء (من),,
تبين -َ تبينا (ل),,,ظهر,,
كاد -َ,,قارب ولم يفعل,,,
أب,آباء,زوج الأم,والد,,والد كان يساعد أبناءه في دراستهم.
بنت,بنات,,"ابنة، فتاة.",,البنت تلعب في الحديقة مع زميلاتها.
ليلة,ليلات,الفترة من غروب الشمس إلى شروقها؛ فترة الظلام في اليوم.,,نهار.,قضيت ليلة كاملة في السفر.
زوج,أزواج,شخص يتزوج من شخص آخر.,": شريك حياة، زوجة.","عازب، أعزب.",لديها زوج مخلص يدعمها في كل مرحلة من حياتها.
نزهة,نزهات,رحلة قصيرة للترفيه أو الاستمتاع في الهواء الطلق.,"جولة، رحلة قصيرة.","عمل، عمل جاد.",قاموا بنزهة في الغابة واستمتعوا بالطبيعة.
مسؤولية,مسؤوليات,الالتزام بأداء واجب ما أو تحمل عبء تنفيذ شيء معين.,"التزام، واجب.","إفلات، إعفاء.",يتحمل المدير المسؤولية عن إدارة الشركة.
شأن,شؤون,موضوع ما أو أمر يتعلق بشخص ما.,"موضوع، قضية.",,تهمني قضايا البيئة والتنمية الاقتصادية.
أسرة,أسر,"مجموعة من الأفراد يعيشون معًا تحت سقف واحد، عادة ما تتكون من الأب والأم والأطفال.","عائلة، عشيرة","فرد، منفرد.",الأسرة تجتمع في العطلات لقضاء وقت ممتع معًا.
شريك,شركاء,شخص يتشارك في شيء ما مع شخص آخر.,رفيق,"منافس، خصم.",كان لديها شريك في العمل يدعمها بكل الطرق.
رحلة,رحلات,سفر أو رحلة سياحية أو تنقل من مكان إلى آخر.,"سفر، جولة.","ثبات، استقرار.",خططوا لرحلة إلى الجبال للاستمتاع بالمناظر الطبيعية.
حفيد,حفداء,ابن الابن أو البنت؛ الجيل الثالث من العائلة.,"صهر، ابن الابن أو البنت.",,الجد يستمتع بالوقت مع حفيده الصغير.
أمة,أمم,مجموعة من الأشخاص يتميزون بسلالة مشتركة أو يتشاركون في ثقافة مشتركة.,"شعب، قومية.",فرد (الفرد).,الأمة تتكون من شعوب مختلفة وثقافات متنوعة.
منزلة,منازلُ,المكانة أو الوضع الاجتماعي لشخص ما.,"وضع، مكانة.",,لديه منزلة عالية في الحكومة بسبب خبرته الواسعة.
قيد,قيود,حالة الربط أو الرباط بين شيئين ما.,"رباط، رهان.","حرية، فراغ.",يشعر بالحرية بمجرد أن يخرج من تحت قيد الديون.
خالية,خاليات,شخص ليس لديه أي التزامات أو الالتزامات في الوقت الحالي.,"فارغة، خاوية.","مشغولة، محتلة.",كانت الغرفة خالية تمامًا من الأثاث.
دمار,,تدمير أو تلف شديد لشيء ما.,"هلاك، خراب.","إصلاح، إعمار.","بعد الإعصار، شهدت المدينة دمارًا هائلًا."
تخطيط,تخطيطات,العملية التي يتم فيها تحديد الأهداف وترتيب الخطوات لتحقيقها.,"تنظيم، ترتيب.","فوضى، تشتيت.",بدأوا في تخطيط الحدث الكبير منذ عدة أشهر.
ناجحة,ناجحات,تمامًا أو بشكل ممتاز.,"متفوقة، محققة.",فاشلة,كانت الاستراتيجية ناجحة في زيادة المبيعات بنسبة كبيرة.
مفيد,مفيدات,يوفر منفعة أو فائدة,"مجدي، نافع.","ضار، مضر.",كتابها كان مفيدًا جدًا في فهم المفاهيم الصعبة.
وصّى -ِ توصية,,,أوصى -ِ إيصاء,أهمل -ِ إهمالا,وصى الأب ابنه بالدراسة الجادة.
بدأ ﹷ بدأ,,"شرع في فعل شيء، بدأ.",شرع -َ شروعا,انتهى -ِ انتهاء,بدأ الطفل في كتابة واجباته.
لبث ﹷ لبثا,,"مكث، استمر في مكانه.",مكث -ُ مكثا,غادر -ِ مغادرة,لبث الرجل في مكانه ينتظر القطار.
شمل ﹹ شمولا,,,احتوى -ِ احتواء,استثنى -ِ استثناء,شمل العرض جميع المنتجات في المتجر.
تزوّج ﹷ تزوجا/زواجا,,"عقد قران، اتخذ زوجة.",نكح -َ نكاحا,طلّق -ِ طلاق,تزوج الرجل من فتاة أحلامه.
أمكَن ﹻ إمكانا,,"أصبح ممكنًا، تمكن.",استطاع -ِ استطاعة,عجز -ِ عجزا (عن),أمكن للطالب النجاح في الامتحان بفضل دراسته.
تولّى ﹷ تولية,,,,ترك -ُ تكا,تولى الوزير الجديد منصبه.
حافَظ ﹻ محافظة,,,صان -ُ صيانة,أهدر -ِ إهدارا,حافظ الطفل على نظافة غرفته.
أخذ ﹹ أخذا,,,تناول -َ تناولا,أعطى -ِ إعطاء,أخذ الرجل الكتاب من المكتبة.
رأى ﹷ رؤية,,,شاهد -ِ مشاهدة,أغفل -ِ إغفالا,رأى الفلاح محصوله ينمو.
سمِع ﹷ سمعا,,,أصغى -ِ إصغاء,,سمع الطفل صوت الموسيقى.
ظنَّ ﹹ ظنّا,,,خمّن -ِ تخمينا,تيقّن -َ تيقّنا,ظن الطالب أن الامتحان سيكون سهلاً.
يوميّ,يوميّات,,,,ﻗﺮأتُ اﻟﻜﺘﺎب ﻳﻮﻣﻴﺎ
وليد,مولود / ولدان,,صبيّ,شابّ,ﻳﻄﻴﻊ اﻟﻮﻟﻴﺪ ﻛﻼمَ أﺑيه
عُمْر,أعمار,,سنّ,,ﻣﺎ ﻋﻤﺮك؟
مشعر,مشاعر,,"عاطفة، إحساس",,اﻟﺤُﺐ ﻣﻦ ﻣﺸﻌﺮ الناس
مجاورة,مجاورات,,"يجنب، مُجانِب",,ﺳﻜﻨﺖُ ﻣﺠﺎورة المدرسة
عاريّ,,اﻟﺸﺨﺺ الذي ﻟﻴﺲ ﻋﻠﻴﻪ ﺛﻴﺎب,,خالٍ,ﻫﻨﺎك مجنون عاري ﻳﻤﺸﻲ ﺣﻮل الناس
أصبع/ إصبع,أصابع,عضوة ﻣﻦ ﻳﺪ,,,أدﺧﻞ ﺻﺒﻲّ إﺻﺒﻌَﻪ إﻟﻰ ﻓﻤﻪ
ريق,أرياق,,لعاب,,أﺧﺮﺟﺖُ رﻳﻘﺎ ﻣﻦ ﻓﻤﻲ
رضيع ,رضعاء,الذي ﻳﺮﺿﻊ ﺧﻼل سنتين,,,لا تترك أم اﻟﺮﺿﻴﻊ ﺣﺘﻰ ﺗﺘﻢ ﺳﻨﺘﻴﻦ
ﻣﺎﻟَﻜﻢ ...؟,,لماذا أﻧﺘﻢ ....؟,,,ﻣﺎﻟﻜﻢ أن تسمعوا وﺳﻮﺳﺔ الشيطان؟
حنان,,,رِﻓﻖ / ﻟُﻄﻒ,,ﺟﻮﺟﻲ ﻫﻮ ﺣﻨﺎﻧﻲ
رحيم,أرحام,,,,اﻟﻠﻪ ﻏﻔﻮر الرحيم
طول,طوال,ﻛﻞّ / مدة / ﻋِﺪة,,,فكرتُ ﻓﻴﻚ ﻃﻮال الوقت
قدر,مقدار,,وزن,,ﻣﺎ ﻗﺪر ﺑﻘﺎﺋﻚ ﻓﻲ ﺟﺎﻣﻌﺔ الراية؟
ﺳُﻮق ,أﺳﻮاق,,,,ﺗﺘﺴﻮّق ﺟﺪﺗﻲ ﻓﻲ ﺳﻮق
شوق,أشواق,ﺣﺐّ ﺷﺪﻳﺪ وﺗﻬﻠّﻒ ﻟﺮؤﻳﺔ اﻟﺸﺨﺺ أو الشيء,,,هذا الشوق ﻳﺸﻐﻞ ﺑﺎﻟﻲ
ﻛﺘِﻒ,أكتاف,ﻋﻈْﻢ ﻋﺮﻳﺾ ﺧﻠﻖ المنكب,,,ﻳﻌﺘﻤﺪ رأس أﺧﺘﻲ ﻋﻠﻰ ﻛﺘﻔﻲ ﻋﻨﺪ الحزن
إذ / إذن,,حرف جواب / الجزاء,,,ﻟﻮ ابتعدتَ ﻋﻨﻲ إذ ﻻ أحبك
ﻫﻢّ,هموم,,ﺣُﺰن ج أحزان,سعادة / سرور / فرحة,اﻟﻬﻢ ﺑﺎﻋﺪ ﺑﻴﻨﻲ وﺑﻴﻦ الهموم ﻳﺰﻋﺞ ﺑﺎﻟﻲ
ﻋِﺪة,ﻋِﺪَد,,مقدار,,ﻣﺎ ﻋﺪة الطلاق ﻓﻲ اﻹﺳﻼم؟
ولد ﹻ  ولادة,,,أﻧﺠﺐ -ِ إنجابا/ أﻧﺘﺞ -ِ إنتاجا,,وﻟﺪﺗْﻨﻲ أﻣﻲ ﻗﺒﻞ ﻋﺸﺮﻳﻦ ﺳﻨﺔ
انتاب ﹷ  انتيابا,,أتاه اﻟﻀﺮ والمصيبة,أصاب -ِ إصابة,,ينتاب الفلسطينيون الكوارث
ﻟﻒَّ ُ- ﻟﻔّﺎ,,,"ﺿﻢّ -ُ
ﺟﻤﻊ -َ
أﻟﺒﺲ -َ",,ﻟﻔﻔﺖُ ﻟﻠﺤﺎف ﺑﻌﺪ النوم
ﻻك -ُ لوكا,,,ﻣﻀﻎ -ُ مضغا,جَرِع -َ جرعا,ﻻك الناسُ الموضوعَ
ﻻن -ِ لينا,,صار لينا,,,ﻻن اﻟرزّ لتناول الصبي
امتزج -ِ امتزاجا,,,اﺧﺘﻠﻂ -ِ اختلاطا (ب),,يمتزج الأمور بمشكلة
صاح -ِ صياحا,,,صرخ -ُ صراخا,,ﻳﺼﻴﺢ اﻟﻄﻔﻞ ﺧﻮﻓﺎ ﻣﻦ ﺻﺮﺻﺮ
ﻣﺺّ -ُ ﻣﺼّﺎ,,شرب الشيء ﻗﻠﻴﻼ ﻗﻠﻴﻼ,,,ﻳﻤﺺ ﺻﺒﻲ ﻟﺒﻦ أمه
ﻛﻒّ -ُ ﻛﻔّﺎ,,,اﻣﺘﻨﻊ -ِ امتناعا,,ﻛﻔّﻚ اﻟﻤﻌﺼﻴﺔ ﻣﻦ ﻃﺎﻋﺔ الله
اﺗّﺴﻊ -ِ اﺗّﺴﺎﻋﺎ ,,صار واسعا,"اﻣﺘﻨﺪّ -ِ
زاد -ِ",,ﺗﺘﺴﻊ ﻓﺮﺻﺔ الخروج إﻟﻰ اﻟﻤﻄﻌﻢ ﺑﻌﺪ يومين
أﻗﺒﻞ -ِ إقبالا,,,جاء -ِ جيء,,أﻗﺒﻞ ﻣﺴﺎﻓﺮ ﻣﻦ ﺻﺤﺮاء
اﻧﺰﻋﺞ -ِ انعزاجا,,,"اضطرب
تضايقَ
قلقَ",,اﻧﺰﻋﺞ اﻟﺒﻠﺪ ﻣﻦ الحرب
أجرى -ِ إجراء,,,قام -ُ إقامة (ب),,إجراء اﻟﻌﻤﻞ ﺑﺈﺗﻘﺎن يشرح الصدر
ﺣﻠّﻞ -ِ تحليلا,,,"اﺣﺘﺒﺮ -ِ
ﻓﻚّ -ُ",دفن - يدفن,ﺣﻠّﻠﻪ ﻋﻘﺪة ﻣﻦ ﻟﺴﺎﻧﻪ
شاك -ُ ﺷﻮﻛﺎ (ب),,يصاب شوكة,,خَسِر -َ خُسرانا,شاك اﻟﻮﻟﺪُ الشوكَ
ﻣﺪّ -ُ ﻣﺪّا,,,أطال -ِ إطالة,,ﻳﻤﺪ اﻟﺮﺟﻞ ﻳﺪﻳﻪ إﻟﻰ السماء ﻋﻨﺪ ﻳﺪﻋﻮ ربه
مُدَخِّنٌ,مُدَخِّنُوْنَ,,,,
وَفَاةٌ,وَفَيَاتٌ,,,,
تَهْلِكَةٌ,,,هَلَاكٌ,,
اِنْتِحَارٌ,,قَتَلَ الْإِنْسَانُ نَفْسَهُ,,,
سَجَارَةٌ,سجائرُ,,,,
طبقا,,,وفقا/ حسب,,
وباء,أوبئة,المرض ينتشر بسرعة,,,
تبع,تبوع,,,,
دعاية,دعايات,,,,
أسوء,,,,أحسن,
دخان,أدخنة,,,,
متصاعد,,,مرتفع,,
فم,أفوام,,,,
جسيمة,,,عظيمة,,
دخل,,,,خرج,
ضرر,أضرار,أذى لنفسه,,,
ضرار,,أذى لنفسه ولغيره,,,
مولى,موالي,,عبد (ج) عبيد/ عباد,,
عاقل,عقلاء,,ذكي (ج) أذكياء,,
موت,,,,حياة,
صغار,,,,كبار,
طيبات,,,,خبائث,
فائدة,,,,ضرر,
سرّ,,,,جهر,
ضعيف,ضعفاء,,,قويّ (ج) أقوياء,
روح,أرواح,,,جسد (ج) أجساد,
مولد,,,,وفاة,
ظاهرة,,,,خافية,
خاتمة,,,,أول,
الجنس البشري,,كل إنسان,,,
مصيبة,,المشكلة الكبيرة,,,
حامل,,المرأة التي في بطنها جنين,,,
أنذر -ِ إنذارا (ب),,,حذر -ِ تحذيرا (من),,
عرّض -ِ تعريضا (ل),,جعله هدفا,,,
أقدم -ِ إقداما (على),,,أسرع -ِ إسراعا (في),,
استنشق -ِ استنشاقا,,,شمّ -ُ شمّا,,
تعارض -َ تعارضا (مع),,,تنافى -َ تنافيا (مع),,
أعرض -ِ إعراضا (عن),,لم يقبله,,,أعرض يوسف عن كلام الجاهل
مقدّم,,,إتيان,,
معاهدة,,مَنْ يَرَى كُلَّ شَيءٍ جَمِيل,مبايعة/ اتفاقية,,
أعاد الكرة,,أحاول مرة ثانية,,,
حصار,,,إحاطة,,
خندق,خنادقُ,حفرة عميقة,,,
حزب,أحزاب,الجماعة القوية,,,
نقد,,,إبطال,,
صلح,,,,قتال,
بند,بنود,,نقطة ج نقط,,
وفد,وفود,,مرسَل,,
رسل,أرسال,الجماعة من الناس,,,
أذى,,,ضرر,,
شوكة,,,شوك ج أشواك,,
قرابة,,,حوالي,,
مناسبة,,,فرصة,,
ذو الشأن,,أصحاب المنزلة,,,
تسلّل,,خرج خفية,,,
الاحتياطات الازمة,,التخطيط الضروري,,,
لحاق,,طلب للحق به,إدراك,,
راهب,رهبانٌ,متعبد من النصارى,,,
غضروف,غضاريف,كل عظام رخص في أي موضع كان,,,
مبعث,مباعثُ,,,,
مولى,موالي/موال,,عبد,,
امتثال,,,طاعة,,
الإفلات (من),,,التخلص (من),,
تخلّف,,لم يحضر/ لم يشارك,,,
تعبد,,انفرد بالعبادة,,,
تتابع,,,استمرار,,
إعجاز,,أعجز -ِ إعجازا: جعله عاجزا,,,
معاهدة ,,,اتفاق,,
دفاع,,,محافظة,,
انتصر -ِ انتصارا,,,,انهزم,
تآمر-َ تآمرا,,,تشاور -َ تشاورا,,
آذى -ِ إيذاء,,,أضرّ -ِ إضرارا,,
اتّهم -ِ اتّهاما,,,إدعى -ِ إدّعاء,,اتهموه بالتهامات
واسى -ِ مواساة,,قواه ونصره,,,
اقتفى -ِ اقتفاءا,,,تابع -ِ متابعة,,
عثر -ُ عثار (على),,,وجد -ِ وجدانا,,
غاص -ُ غوصا,,نزل تحته,,,
كفل -ُ كفالة,,,ربّ -ِ تربية,,
أرضع -ِ إرضاعا,,أعطى لبنا,,,
أشرف -ِ إشرافا,,,أكرم -ِ إكراما,,
بهر -َ بهرا وبهورا,,,أعجب -ِ إعجابا,,
ثبّت -ِ تثبيتا,,,قوّى -ِ تقوية,,
بشّر-ِ تبشيرا,,أخبره ببشرى,,,
نصر -ُ نصرا ونصرة,,,ساعد -ِ مساعدة,,
صدع -َ صدعا,,,أظهر -ِ إظهارا,,
أعرض -ِ إعراضا (عن),,,,بالى -ِ بال (ب),
أسِّس -َ ,,,بنِي (على),,
أسِر,,,قبِض (على),,
لهو,,,لعب/ هزل,,
بكر,أبكار,,,ثيب ج ثيبات,
قدر,أقدار,,مكانة / منزلة,,
تِرب,أتراب,الشخص الذي يماثلك في العمر,,,
طريفة,طرائفُ,كل شيء حلال يزيل التعب والملل عن العقل,,,
شغل أوقات الفراغ,,قتل الوقت,,,
استثمار,,,استفادة,,
لاهٍ,,,لاعب/ لا فائدة فيه,,
سخرية,,,استهزاء,,
ويل,,كلمة تقال لمن وقع في مصيبة يستحقها,هلاك,,
قوم,أقوام,,,,
تنابز,,قال قولا قبيحا,تعاير,,
كوّة,كوّات,,نافذة / فتحة في الجدار,,
خافت,,الشيء لا يكاد يسمع أو يرى,منخفض,,
بارئ,,   ,صحيح,,
وعكة,وعكات,الألم من شدة التعب,,,
حبّا وكرامة,,بكل سرور,,,
فيء,أفياء,الغنيمة تنال بلا قتال,,,
حمل التبعة,,تحمل المسؤولية,,,
عسير,,,صعب,يسير,
هيّن,,,سهل,,
ملّ -َ مللا/ ملالا (عن),,,سئِم -َ سأما (من),,
دفع -َ دفْعا (إلى),,,حثّ -ُ حثا (على),,
مزح -َ مُزاحا,,,دعَب -َ دعبا,,
داعب -ِ مداعبة,,,مازح -ِ ممازحة,,
تمازح -َ تمازحا,,مزح بعضهم بعضا,,,
هُدِر -َ,,,ضاع -ِ ضَياعا,,
هَدَرَ -ِ هدرا,,,بطل -ُ بطلا,,
سخِر -َ سخرية (من),,,استهزأ -ِ استهزاء (ب),,
تنابز -َ تنابزا (ب),,يدعو بعضهم بعضا,,,
لمز -َ لمزا,,ذكر عيبه,,مدح ـَ مدحا,
تغلّب -َ تغلبا (على),,,سيطر -ِ سيطرة (على),,
أطلّ -ِ إطالة (على),,,اتّجه -ِ اتجاها  (إلى),,
أدن منّي,,,اقترب مني,,
مالي أراك تبكي؟,,لماذا أراك تبكي؟,,,
افتقد ـِ افتقادا,,,بحث -َ بحثا (عن),,
خبّأ -ِ تخبئة,,,أخفى -ِ إخفاء,,
وفى -ِ توفية,,أعطاه حقه,,,
نعت -َ نعتا,,,وصف -ِ وصفا,,
عهِد -َ عهْدا,,,عرف -ِ عرفا/معرفة,,
داهن -ِ مداهنة,,,جامل -ِ مجاملة,,
استخلف -ِ استخلافا,,جعله خليفة,,,
ثاب -ُ  ثوبا (إلى),,,راجع -ِ مراجعة (عن),,
ثنى -ِ ثنيا (عن),,,منع / نهى,,
تهرب -َ تهرّبا (من),,,فرّ -ِ فرارا (من),,
استشار -ِ استشارا ,,طلب الرأي,,,
ذُرِّيَةٌ,ذريّات,,نَسْلٌ,,
كَرَامَةٌ,كرامات,,عِزّةٌ,,
مَقْصُوْدةٌ,مقصودات,,هَدَفٌ,,
مَوَدّةٌ,,,مَحَبّةٌ/ ألفة,,
وَثِيْقَةٌ,وَثائقُ,ما يُحكَم به الأمرُ,,,
خُطْوَةٌ,خطط,,مَرْحَلَةٌ,,
رَبّةٌ,,,مالِكَةٌ/ مُدَبِّرَةٌ,,
قَانِتَةٌ,قَانِتاتٌ,,مُطِيْعَةٌ,,
عَرِيْضٌ,,,كَبِيْرٌ,,
وَدُوْدٌ,,كَثْرة الحب والمودة,,,
مُضْطَجِعٌ,,,مُسْتَلْقٍ,,
حُمَّ أجَلِيْ,,قَرُبَ مَوْتِيْ,,,
رَوعٌ,,,ذِهْنٌ/ عَقلٌ/ قلبٌ,,
سَرِيْرَةٌ,,,,عَلَانِيةٌ,
خِيْرَةٌ,,,مُخْتارٌ,,
بَالٌ,,,شأنٌ,,
مَشْوِرَةٌ,,,مُشَاوِرةٌ,,
عهدٌ,,,وصيةٌ,,
فَوَاتٌ,,,تأخّرٌ,,
هَلُمَّ,,,تَعَال,,
عهْدٌ,,,وقتٌ,,
فَاجِرٌ,فُجَّارٌ,الذي يرتكب المعاصي,,,
غَشْيَةٌ,,,غَيْبُوْبَةٌ/إغْماءٌ,,
مُنْقَلَبٌ,,,مَرْجَعٌ,,
فَتاتِيْ,,خادِمَتيْ,,,
مَعْشَرٌ,معاشِرُ,,جماعةٌ/فِئَةٌ,,
أغْنَى -ِ إغناء (عن),,كفَى-ِ كفاية,,,
استَغْنى-ِ استِغْناء (عن),,,احْتاجَ -َ احْتِياجاً (إلى),,
سَما-ُ سمو,,رَفَعَ-َ رفعا,,,
عَثَرَ -ُ عُثُوْراً,,وَجَدَ -ِ وجد,,,
اتّخذَ -ِ اتِّخاذاً,,جعل -َ جعلا,,,
دَفَعَ -َ دفعا (إلى),,شَجّعَ -ِ تشجيعا,,,
نَبَغَى-ِ,,صَحّ -ِ صحّة,,,
أباحَ -ِ إباحة,,أجازَ-ِ إجازا,,,
اسْتَرْشَدَ -ِ استرشادا (ب),طلب رشد/ نصيحة/ رأي,,,,
سَخِطَ -َ سخطا,,غَضِبَ -َ غضبا,,,
اعْتَزَّ-َ اعتزازا,يجعله/ يكون شريفا/ عزيزا,,,,
تَوَجَّعَ -َ تجوّعا,اشْتكى من الألم,تألَّمَ -َ تألّما,,,
أمْلى-ِ إملاء (على),قال له شيء ليكتبه,,,,
اعْتَرَى -ِ اعتراء (ب),,أصاب -ِ إصابة,,,
ذُهِبَ به,,ماتَ,,,
افْتَلَتَ -ِ افتلات (معلوم),,افْتُلِتَ -َ (مجهول),,,
ألَا -ُ ألو,,قَصّرَ-ِ/أهْمَلَ -ِ,اجْتَهَدَ -ِ اجتهادا,,
بَدّل-ِ تبديلا,,غَيَّرَ -ِ تغييرا,,,
رَفَقَ -ُ رفقا,,رُحِمَ -َ رحمة,,,
مقدّسة,مقدّسات,,مطهّرة,,
رحل,رحال,,,,
معلم,معالم,,علامة,,
بقعة,بقاء,,قطعة,,
عبر,,,وسيلة,,
مسقط الرأس,,مكان الولادة,,,
مبعث,,مكان البعثة,,,
رجاء,أرجاء,,,,
بكة,,,مكة,,
مشعر,مشاعر,,,,
مجيد,,,كريم,,
مقر,مقرات,مكان الاستقرار,,,
سطح,,,ناحية/ جهة,,
ضفّة,ضفاف,,ساحل/ جانب,,
ضمْن,,,داخل,,
بلاء,,,اختبار,,
فرَج,,,مخرج,,
مخافة,,,خشية,,
ساحل,سواحل,,شاطئ,,
متّجه,,,ذاهب,,
لحاق,,,اتباع/ إدراك,,
مستخف,,,مخبئ,,
جلد,,,قوي/ شديد,,
بطريق,بطارقة,عالم اليهود,,,
سفيه,سفهاء,,جاهل,,
شريف,أشراف,,,,
عشيرة,عشائر,,أسرة,,
أسقف,أساقفة,علماء المسيحي,,,
عفاف,,,امتناع,,
زور,,,كذب,,
رحم,أرحام,,,,
عذراء,عذراوات,,بكر/ بتول,,
عود,أعواد,,غصن/ خشب,,
حاشية,حواشٍ,,أمل,,
رشوة,,رشاً,,,
مقبوح,,,,مكرَّم,
هفا -ُ هفوا (إلى),,,اشتاق-َ اشتياقا,,
بدّد -ِ تبديدا,,,فرّق-ِ تفريقا,,
ولى-ِ ولي,,,توجّه -َ توجّها,,
اغتصب -ِ اغتصابا,,,احتلّ -َ احتلالا,,
تبيّن -َ تبيّنا,,,ظهر-َ ظهورا,,
أصابوا بها دارا وقرارا,,سكنوا في أمن وسلامة ,,,
ائتمر-ِ إئتمارا,,,تشاور-َ تشاورا,,
ردّ -ُ ردّا (على),,,أرجع -ِ إرجاعا,,
فتن-ِ فتنا,,,ابتلى-ِ ابتلاء,,
أوى-ِ إيواء,,,ذهب -َ ذهبا,,
عاب -ِ عيبا,,صار له عيب,,,
أساء -ِ إساءة,,,,أحسن -ِ إحسانا,
استحلّ -ِ استحلالا,,اعتبره حلالا,,,
عدا -ُ عدوا (على),,,ظلم -ِ ظلما,,
احضلّ -ِ احضلالا,,,ابتلّ -َ ابتلالا,,
استأصل-ِ استئصالا,,أخذ شيئا من مصدره,,,
زعم -ُ زعما,,,اتّهم -ِ اتّهاما,,
غدا -ُ غدوا,,ذهب مبكرا,,,
تناخر-َ تناخرا,,,مدّ -ُ مدّا,,
غرم -َ غرما,,,خسر-ِ خسرانا,,
كُتّاب,كتاتيبُ,مدرسة للصغار يتعلمون فيها قراءة وكتابة,,,
طائفة,طوائِفُ,جماعة من الناس,مجموعة / فرقة ,,
نفقة ,نفقات,,,,
طَلْق,,طيب غير ملوّث,,,
رُواق,أَرْوِقة,,,,
حلْقة,حلَقات,,,,
مغربيّ,مغارِبة,,,,
تركيّ,أتراك,,,,
سودانيّ,سودانيّون,,,,
خِيَرَة,,,أفضل /  مُختار,,
كفاءة,, ,جَدارة /  قُدْرة,,
فحَسْب,,,فقط,,
كثْرة ,,,,قِلّة,
مجّان,,دون دفع,,,
غربيّ,غرباء,,بعيد,,
مادّيّة,,Materialisme,ماليّة,,
ملعَب,ملاعِبُ,,ميدانٌ (ج) ميادينُ,,
مُتعدِّدة,,,كثيرة,,
وقْف,أوقاف,,,,
صدْر,,,بِداية,,
شيْخ,شُيُوخ,,,,
خصّص -ِ تخصيصا,,,"عيّن -ِ تعيينا
عمّم -ِ تعميما",,
احتوى -ِ احتواء (على),,,"تكوّن -ِ  تكوُّنا (من)
اشتمل -ِ (على)
ضمّ -ُ",,
طالع -ِ مطالعة,,,قرأ -َ,,
شهَر -َ شَهَرَة,,والمفعول مَشْهور,,,
عهِد -َ عَهْدا (إلى),,,أوصى - ِ,,
أشبه -ِ,,أشبه الشَّيءُ الشَّيءَ: ماثَلَه,,,
رُشْد,, ,هُدًى /  صواب,,
أخرس  ,خرساء,لا يتكلم,أبكم  (ج) بكماء,,
أعمى  ,عمياء,لا يُبصر,,,
أصمّ  ,صمّاء,لا يسمع,,,
مُحتَجّ,,أتى بالحجة,مُستَدِلّ / مُعارِض,,
حفِيّ,,,لطيف /  رقيق,,
حزِيْن,حُزناءُ,,,,
مَعْبَد,معابِدُ,مكان للعبادة,,,
يَمْنَة,,,,يَسْرَة,
سَخَافة,,,حَقارة / ضَعْف,,
نُكران,,,جُحُود / كُفْر /   رَفْض/ إنكار,,
أُفٍّ,,كلمة تدل على حُزْن أو تضجّر,,,(فَلَا تَقُل لَّهُمَا أُفٍّ)
حَتْماً,,,طَبْعاً/ بالتأكيد,,
مُخْزٍ (المُخْزِي),,,مُهِيْن/ مُذِلّ/ مُخزِل,,
كَيْد,كُيُود,,مَكْر/ خِداع / حِيلة,,(إِنَّهُمْ يَكِيدُونَ كَيْدًا)
أخسر,أخسرون,,,,
نجْم,نُجُوم,,,,
كوْكب,كواكِبُ,"جِرْمٌ سماويٌّ يدور حول الشمس ويستضئ بضوئها وأشهر الكواكب مرتبة على حسب قربها من الشمس: عُطارد، الزُّهَرةُ، الأَرضُ، المِرِّيخُ، المُشْتَرِي، زُحَل، يورانُس، نِبتون بلوتون",,,
حَجْم,,,مِقدار,,
نَبْع الماء,,مصدر الماء /  مكان خروج الماء,عَيْن الماء,,
غزِير,,,كثير,,
كوْن,,,مخْلُوق/ مَوجُود,,
ربّ,أرباب,,إِله (ج) آلِهة,,
حِلْم,,,صبْر / عفْو,,
خالٍ (الخالي),,,فارِغ,,
فأْس,فُؤُوس,Kapak,,,
فتًى,فِتيان,شابّ (ج) شباب,,,
مُناسبة ,,فُرصة,,,
ثابِت,,باقٍ (الباقي),,,
صخْر,,حجر كبير,,,
كبِر -َ كِبَرا,,زاد عمره,شاخ -ِ,صغُر ـُ صِغَرا,
عرض -ِ عرْضا (على),,,أظهر -ِ (لـ),,
احتجّ -َ احتجاجا (ب),,أتى بالحجة,استدلّ -ِ (ب),,
هدّد -ِ تهديدا,,,"خوّف -ِ تخويفا
أنذر",,
اعتزل -ِ اعتِزالا,,,"ابتعد -ِ ابتِعادا
ترَك -ُ ترْكا",,
حطّم -ِ تحطيما,,,كسّر -ِ تكسيرا,,
حوى -ِ حِواية,,,"جمَع -َ جمْعا
ضمّ -ُ",,
أشعل -ِ إشعالا,,,أوقد -ِ إيقادا,أطفأ -ِ إطفاء,أشعل محمد النارَ (متعدٍ)
انطفأ -ِ انطِفاء,,توقّف ضوؤه,,اشتعل -ِ اشتعالا,انطفأت النارُ (لازم)
خجِل -َ خَجَلا,,,استحيا -ِ استحياء,,
اختفى -ِ,,,استتر,ظهر,
كاد -ِ كَيْدا,,,مكَر -ُ مَكْرا,,(إِنَّهُمْ يَكِيدُونَ كَيْدًا)
أبدى -ِ إبداء,,,أظهر /  أبرز,,أبدى أحمد رأيَه (متعدٍ)
برَز -ُ,,,"ظهَر -َ
بدا -ُ",,برز سطحُ المبنى (لازم)
لفَت -ِ لَفْتا,,شدّ انتباهَه,صرَف -ِ,,
سطَع -َ سَطَعا,,,ظهر /  ارتفع / طلَع,,
ركَض -ُ رَكْضا,,,جرى -ِ جَرْيا,,
نبَع -َ نَبْعا,,خرج ماؤه,انفجر,,
نشأ -َ نشْأة,,,نما -ُ / ترعرع,,
ترعْرع -َ,,,نما -ُ  /نشأ -َ,,
آتى -ِ إيتاء,,,أعطى -ِ,,
هدى -ِ,,,أرشد,أضلّ,
أفاد -ِ إفادة,,,نفَع -َ,,أفدتُه علما فانتفع به.
انتفع -ِ انتفاعا (ب),,,استفاد -ِ (من),,
حدّث -ِ,,,كلّم -ِ,,
ودّع -ِ,,,فارق -ِ,,
أرى -ِ,,,أظهر -ِ,,
قرّر -ِ,,,أثبت -ِ,,
كشَفَ -ِ,,,أظهر -ِ,,لا تكشفي عورتك.
فتّش -ِ (عن),,,بحَث -َ (عن),,
نفِد -َ نفْدا,,,انتهى,,(ما نَفِدَتْ كَلِماتُ اللهِ)
كوكب ,كواكب,,,,
نَبْعُ الماء,,,عين الماء,,
غزير,,,كثير,,
مسخّر,,,مذلّل = مسهّل = ميسّر,,
مَرِنٌ,,قابل للتغير والتصرف,,,
بريق,,,ضوء,,
أَبدى -ِ إبداء,,,أظهر -ِ إظهارا,,
قَسّم ـِ تقسيما,,,فرّق -ِ تفريقا,,
ركض ـُ رَكْضا,,,جرى -ِ جريا,,
نَبَعَ ـُ نَبْعا,,خرج ماؤه وتفجر,,,
سخّر (على),,ليتخذ بعضهم بعضا سخريا = ليستعين,سيطر = سلّط (على),,
حَرَث ـُ حَرْثا ,,سقّ الأرض لتُصْبِحَ قابلة للزراعة,,,
كبِر ـَ ,,صار كبير السن,,,
بَطْشٌ ,,,شدة/ غِلَظٌ,,
عَصَبيّة,,قرابة من جهة الأب,,,
رقيق ,أرقّاء,عبد مملوك,,,
نبذ ,,,ترك,,
أغلظ,,,أقسى,,
رمح ,رماح,,,,
رمل ,رمال,,,,
رمضاء,,شدة الحر بسبب حرارة الشمس,,,
درع,دروع,,,,
جبّار ,جبابير,قوي متكبر,,,
سَوْطٌ ,سِيَاط,,,,
شِعْبٌ ,شِعَاب,الطريق في الجبل,,,
طاغ طاغية ,طغاة,,,,
صخرة  ,صُخُورٌ,,,,
زبانية,,رجال الشرطة/ ملائكة التعذيب,,,
بِطاحٌ  ,بطحاء,مكان متّسع يسيل فيه الماء فيترك في التراب,,,
أوْقِيةٌ  ,أوَاقٌ,مقدار الذهب فيساوي ٣٠ غراما,,,
صفقة,,عقد البيع,,,
جملة ,,,جماعة/ فئة,,
مقبل,,,,حاضر,
مَصْرَع,,,مقتل,,
صريع ,صريعون,,مقتول ج مقتولون,,
العلوي,,,السماوي,,
رفيق ,رفقاء/ رِفاق,,,,
مُسجى,,,مغطّى,,
عبرة  ,عبرات,,دَمْعَة ج دموع,,
نَحيب,أشد البكاء,,,,
مُرَابطة,,,ملازمة,,
شوق ,أشواق,,,,
بَعْثٌ ,بعوث,,,,
إجلال,,,تعظيم,,
لِحْيَة ,لِحًى,,,,
أجل ,آجال,,,,
مَحْتوم,,مقدار لابد منه,,,
نَاضَل -ِ نضالا,,,دافع -ِ دفاعاً,,
ردّد ـِ تَرداد,,,كرّر ـِ تِكرارا/تَكرارا,,
أشْرق -ِ إشراقا,,,"أنار ـِ إنارة
أضاء ـِ إضاءة",,
هَتَفَ ـِ هُتافا,,,صاح ـِ صياحا,,
عانى -ِ معاناة,,,تألّم -َ تألما,,
تصد ـَ تصديا ,,,تعرض ـَ تعرُّضا (ل),,
نكّل -ِ تنكيلا,,,عذَّب -ِ تعذيبا,,
باء ـُ بوءا,,أمر بالقتل,حمل=رجع,,
رفث ـُ رَفَثٌ,,الكلام السيء,,,
التهب -ِ التهابا,,,اشتعل ـِ اشتعالا,,
أخزى ـِ إخزاء,,,أهان ـِ إهانة,,
صَهَر ـُ صهرا ,,جعله يذوب,أذاب ـِ إذابة,,
ألهب -ِ إلهابا,,,أشعل ـِ إشعالا,,
هان ـُ هَوْنا,,,سهُل ـُ سَهْلا,,
أطبق ـِ إطباق,,,,,
أمعن ـِ إمعانا,,,بالغ ـِ مبالغة,,
جرّ ـُ جرّا ,,,جذب=ساق,,
استعذب ـِ استعذاب,,جعله عذبا حلوا,,,
أغلى ـِ إغلاء,,جعله غاليا,,,
تفرّغَ ـَ تفّرغاُ,,,تخلّى -َ (عن),,
غدا ـُ غَدْوا,,ذهب أول النهار,,,
غزا ـُ غزوة,,,,,
شَيَّد ـِ تشييدا ,,,أنشأ ـِ إنشاء,,
فرغ -َ فراغا,,,خلا/ انتهى,,
أنجز ـِ إنجازا ,,,وفى ـِ وَفَاء,,
ناش ـُ نوشا,,,أصاب ـِ,,
نهل ـَ نهلا,,,"شرِب ـَ شُربا
روِي ـَ",,
أَنَسَ ـَ أُنسا,,,"سكن ـُ سكنا
 اطمأن ـِ",,
حان ـِ حِينا,,,قرُب ـُ قُرْبَة,,
خَتَق ـِ خَتْقا ,,شد على حلقة حتى الموت غص عنقته العبرة بالبكاء,,,
احتبس ـِ احتباسا ,,,حبِس ـِ حَبْسا,,
أجهش ـِ إجهاشا,,,,,
أعفى ـِ إعفاء,,سمح بعدم أداء العمل,بَرَأ ـِ تَبْرِئة,,
أعتق ـِ إعتاقا ,,,حرَّر ـِ تحريرا,,
عزَمَ ـِ عَزْما,,,,,
أهاج ـِ إهاجة,,,أنار ـِ إنارة,,
وَافى ـِ إيفاء,,,أتى ـِ,,
رابطة,ارتباط,,علاقة,,نحن عندنا ارتباط قوية بيننا
بعينها,,,بنفسها,,
تعبديّ,,نسبة إلى العباد,,,
مفخر,مفاخِر,شيء يتفخر به الإنسان,,,
سلطان,,,سيطرة,,
شعب,شعوب,الجماعة الكبيرة ترجع لأب واحد,,,إن العرب لهم شعوب متفرقة
على حين,,,بينما,,
قمّة,قِمَم,أعلى شيء,,,ها هي قمّة جبل الأحد
معدود,معدودون / ات,اسم المفعول من عدّ,معين,,الأيام المعدودات هي أيام التشريق وهي ثلاثة بعد يوم النحر
كافّة,,,جميع / كل,,جاء الناس كافة
تنشئة,,,تربية,,
طبيعة,طباع,,صفة,,
بغضاء,,شدة البغض,كره,حب,قد بدت البغضاء من أفواههم
عطف,أعطاف,,رحمة,,تضم الأم ابنها بعطف
همّ,هموم,,أمل,,لها هم لمواصلة الدراسة
باسق,بواسق,,عال / مرتفع,,هناك المياه الجارية والخيل الباسق
ينبوع,ينابيع,عين الماء ومصدره,,,تفجر من الأرض ينبوع
جلب,,,جذب / كسب,,ساعد الأخ الأكبر في جلب رزق أسرته
مرتاح,مرتاحون / ات,اسم الفاعل من ارتاح,مطمئن,,عاش مرتاح البال
ضمير,ضمائر,شعور إنساني باطني في المرء,قلب,,
عفيف,أعفّاء,,لطيف / نظيف,,
نعمة,نعم,,,نقمة,على قدر النعمة تكون النعمة
مِلك,أملاك,,,,
كرم,كروم,معدن رمادي اللون فولاذي,,,
شفقة (على),,,رحمة / حنان,,
أهون,,"اسم التفضيل من ""هيّن""",أسهل,,
هول,أهوال,,شدّة,,
كارثة,كوارث,,مصيبة,,
جذع,جذوع,ساق النخلة ونحوها,,,
غُصن,أغصان,ما تشعب من ساق الشجرة دقيقه وغليظه,,,
بهجة,,,سرور,,أدخل على قلب أمه بهجة
موحش,,اسم الفاعل من أوحش,مخيف,,
أسى,,اسم المصدر من أسي,حزن,,
أُكُل,آكال,,ثمر,,
منقلَب,,,مرجع,,
زلق,,ليس عليه شيء,,,
غور,,ذهب الماء إلى داخل الأرض,جافّ,,
خاوية,خاو,,خالية / فارغة,,
عرش,عُرُوش,أقام به,,,
فئة,فئات,,مجموعة / فرقة,,
ولاية,ولايات,,سُلطة,,
حرَّف ــِ تحريفا,,,غيَّر ــِ تغييرا,,
أوجد ــِ  إيجادا,,جعله موجودا,أنشأ  ــِ  إنشاء,,
شدّ ــُ  شدّا  (إلى),,,جذب ــِ جذْبا,,
تعدى ــَ  (إلى),,,تجاوز ــ َ تجاوزا,,
فاق ــُ  فوقا,,,علا ــُ علوا,,
استهوى ــِ  استهواء,,,أعجب ــِ إعجابا,,
أحصى ــِ إحصاء,,,حسَب ــُ حسابا,,يحصي قسم المقصف نسبة إدخال النقود يوميا
نبغ ــُ نبغا,,,أجاد / أتقن,,نبغ منه أمرٌ ما كُنا نتوقعه
صدر ــُ صدرا / صدورا (عن),,,جاء ــِ مجيئا / جيئة (من),,صدر هذا النظام الجديد من إدارة المعهد
أنعم ــِ إنعاما (على),,,رزق ــُ,,أنعم الله جارنا بعد فقر
حان ــِ حينا,,,أتى ــِ إتيانا,,لقد حان الوقت للرجوع
تخلّى ــَ تخليا (عن),,,ترك ــُ تركا,,
اختزن ــِ اختزانا,,,ادّخر ــِ ادّخارا,,هو يختزن ماله جيدا
أغمض ــِ إغماضا,,أطبق جفنيه,أغلق ــِ إغلاقا,,أغمض الطفل عينيه ثم ينام نوما عميقا
أجاد ــِ إجادة,,أتى بالجيد,أتقن / أحسن,,أجاد البناء أبنية جميلة
اعتنى ــِ اعتناء (ب),,,اهتمّ ــَ اهتماما,,اعتنى الطالب بدروسه
حاط ــُ حوطا / حياطة,,حوله,,,حاط البيت الأشجار والزهور
حسِب ــَ حسبانا,,,ظنّ ــُ ظنّا,,وتحسبهم أيقاظا وهم رقود
اقتنع ــِ اقتناعا (ب),,,رضِي ــَ رضاء,,
جحد ــَ جحدا / جحودا,,أنكره مع علمه به,أنكر ــِ إنكارا,,الكفار جحدوا بآيات الله
استهزأ ــِ استهزاء,,,سخِر ــَ سخرا (من),,
دام ــُ دوما,,,بقي ــَ بقاء,فنِي ــَ فناء,
زعم ــُ زعما,,,اعتقد/ ظنّ,,زعموا أنهم وجدوا في أرضنا نفطا
وعظ ــِ وعظا,,,نصح ــَ نصحا / نصاحة,,
شتم ــُ شتما (ب),,فرح بمكروه الآخر,,,
عجب ــَ عجبا,,أعجبه الأمر,,,
فخَر ــَ فخرا (على),,,تكبّر ــَ تكبّرا,,
لها ــُ لهوا,,,لعِب ــَ لعبا,,
رتَع ــَ رتعا,,,تمتّع ــَ تمتعا,,
فارق ــِ فراقا / مفارقة,,,ترك ــُ تركا,,
حفّ ــِ حفّا,,جعله حوله,أحاط ــِ إحاطة,,
فجّر ــِ تفجيرا,,,أسال / أخرج,,
جائزة,جوائز,,هدية (ج) هدايا,,
فقيه,فقهاء,عالم بالأحكام الشرعيّة العمليّة ,عالم (ج) علماء,جاهل (ج) جهلاء,
عضو ,أعضاء ,,جزء (ج) أجزاء,,
فتوى,فتاوى,,,,
بدعة,بدع,,ابْتِكَار (ج) ابتكارات,,
خطيب ,خطباء,المتحدِّثُ عن القوم,,,
مفوّه,,ماهر في الكلام,فصيح (ج) فصحاء,,
بليغ,,,فصيح (ج) فصحاء,,
عديد ,,,كثير,قليل,
مؤَلّف,مؤلّفات,,مصنّف (ج) مصنّفات,,
خاطرة,خواطر,ما تخطر بالبال,,,
مؤتمر,مؤتمرات,,مشاورة,,
مناظرة,مناظرات,,جدال / نقاش,,
خصيم,خصوم,,عدو (ج) أعداء,,
داعية,دعاة,,واعظ,فاجر,
منشور,منشورات,كتابة متبوعة للقراءة,,,
مزعم,مزاعم,,,,
سفر,أسفار,كتاب كبير,,,
مصعب,مصاعب,,شدة (ج) شدائد,,
نائبة,نوائب,,مصيبة (ج) مصائب,,
غلب  -ِ  غلبة (على),,تَقَدَّمَ عَلَيْهِمْ,تفَوّق  -ُ  تفوقا,,
تلقّى -َ تلقّيا ,,أخذ مباشرة,,,
أفتى -ِ افتاء,,أخرج فتوى,,,
حاز -ُ حوزا,,,حصل -ُ حصولا (على),,
تدرّج -َ تدرّجا,,تقدّم في شيء,تصعّد -َ تصعّدا,,
أصدر -ِ إصدارا,,,نشر -ُ نشرا,,
ردّ -ُ ردا (على),,,رفض -ُ رفضا,,
أصرّ -ِ إصرارا (على),,,ألحّ -ِ إلحاحا,,
فطّر -ِ تفطيرا,,أعد طعام الإفطار للغير,,,
دحض -َ دحضا,,,أبطل -ُ إبطال,,
أزاح -ِ إزاحةً ,,,أزال -ِ إزالة,,
نحيل,نَحْلَى,ضَعِيفُهُ بِسَبَبِ مَرَضٍ,,سمين (ج) سِمَانٌ,
قامة,قامات,طول الإنسان,,,
مرافق,,مَنْ يُصَاحِبُهُ,,,
واهب,,,معطي,,
كيماوي,كيماويّات,,,,
خطير,خُطُر,أَلَمَّ بِهِ مَرَضٌ,,,
ندب,نَدبة,أثر الجرح,,,
مجد,,,شرف,,
مَلكوت,,,سلطان,,
عارية,عَوارِيُّ,الإِعارة,,,
معلّب,مُعَلَّبات,أطعمة محفوظة في عُلبة,,,
مصعب,مصاعب,,شدّة (ج) شدائد,,
نائبة,نوائب,,مصيبة (ج) مصائب,,
عُشٌّ,أعشاشٌ,بيت الطيور,,,
جَنين,أجنَّة,الولد ما دامَ في الرَّحِم,,,
كدح,,,سعي,,
إطار,إطارات,,عجلة (ج) عجل,,
خميص,خماص,,جائع (ج) جائعون,,
مقنع,مقنعون,,راض (ج) راضون,,
مقدام,مقاديمُ,,شجاع ,,
حازمة,,,قوية,,
عيال,,هم الذين يسكنون معه وينفق عليهم كامرأته وأولاده‏,,,
مسرف,مسرفون,مجاوز في الحد,,,
مستنفذ,,,مخلص,,
خصلة,خصال,خُلُقٌ في الإِنسان,,,
معصية,معاصي,,مخالفة,,
سريرة,سرائر,ما يُكتَمُ ويُسَرّ,,علانية,
الزبانية,,ملائكة العذاب الغلاظ الشِّداد الموكَّلون بدفع أهل النار إليها,,,
وفي,,,صادق,كاذِبٌ,
سراج,سُرْج,,مصباح (ج) مصابيح,,
استقرّ -ِ استقرارا (على),,,ثبت -ُ ثبوتا,,
تهنّد -َ تهنّدا,,أخرج النفس لشدة التعب,,,
رتّل -ِ ترتيلا,,جوّد تلاوته,قرَأ -َ قراءة,,
ابتلى -ِ ابتلاء,,,اختبر -ِ اختبارا,,
استأصل -ِ استئصالا (من),,أزالها من الأساس,,,
استرسل -ِ استرسالا,,,اِسْتَمَرَّ -ِ استمرارا,,
أدبّ -ِ أدبا,,,مشى -ِ مشيا,,
لهج -َ لَهَجًا (ب),,أدام الذكر / الثناء,,,
أصرّ -ِ اصرارا (على),,ثبُت عليه ولزمه,أجبر -ِ إجبارا,,
هاك,,,خذ,,
ودع -َ وَدْعًا,,,ترك - تركا,,
أمّن -ِ تأمينا,,,ضمن -َ ضمنا,,
ارتطم -ِ ارتطاما (ب),,,اصطدم -ِ اصطداما,,
انفصم -ِ انفصام,,,انقطع -ِ انقطاعا,,
ضرّ -ُ ضَرَرًا,,,أذى -ِ إذاءة,نَفَعَ -َ نفعا,
عصى -ِ عصيا,,,,طاع -ِ  طاعة,
اطّلع -ِ اطّلاعا,,,أعلم -ِ إعلاما,,
جاهر -ِ مجاهرة (ب),,,كشف -ِ كشف,ستر -ُ سترا,
فطن -َ فطنة,,,أدرك -ِ إدراك,غفل -ُ غفلة,
طوى -ِ طيا,,قضى جائعا,,,طَوَى الرجل نَهَارَهُ صَائِماً
فزع -َ فزعا,,,خاف -َ خوف,تجاهل -َ تجاهلا,
تِقانة,,الإحكام والدقة والضبط في الصنع أو عمل الأشياء,,,
تخزين,,مصدر من: خزّن,"احتفاظ، ادخار",,تخزين المعلومات في الحاسوب: إدخالها
لِحاق,,مصدر من: لحَق,,,حاول اللحاق به: إدراكه
سخرية,,مصدر من: سخِر,استهزاء,احترام,
منتج,منتِجون,من يقوم بإنتاج الآلات وغيرها,,,
العلمانية,,غير ديني,,ديني,
المهددة,,الشخص الذي هُدّد ووُعد بالأذى والشر,,,
نهضة,,,تقدم,"تراجع، تأخر",
المؤيدة ,,الذي ينصر ويعين غيره,,,
رافضة,,اسم الفاعل من: رفَض,,,
تنافس ,,,تسابق,,
سائد,,اسم الفاعل من: ساد,,,كان عبد المطلب سائدا لقريش عند مولد النبي
نمط, أنماط,,طريقة أسلوب,,
رهط,"أرهُط، أرْهاط",الجماعة من الرجال من الثلاثة إلى العشرة,"أتباع، جماعة","بعض، جزء",
قدح,,,"ذمّ، طعن","إكرام، إجلال",
غبوق,غبائق,ما يُشرب / يُحلب مساء,,,
أجير,أجراء,عامل بالأجرة,,,
عشير,عشراء,,رفيق (ج) رُفقاء,,
شعَر,,مصدر: شعِر,,,
أقرع,,من أصابه القرع,,,
أكمه,,,أعمى (ج) : عمياء,بصير (ج) بصراء,
بُرص,أبرص,مصاب بمرض غير معدٍ يصيب جلد الإنسان,,,
داءٍ,أدواء,مرض/ عيب,,,
مناشير,مِنشار,آلة من معدن ذات أسنان يُنشر بها الخشب أو المعدن,,,
مَفرِق,,مَفرِق الشعر: موضع افتراقه,,,
نفر,أنفار ,كل نفر من الجماعة تولى المهمة,,,
ذُروة,ذُرىً,أعلى الشيء,,,
قرقور,قراقير,سفينة طويلة كبيرة,,,
جذع,"جذوع، أجذاع",ساق النخلة أو نحوها,,,
كنانة,كنائن,جعبة من الجلد أو الخشب تُجعل فيها السهام,,,
صُدغ,أصداغ,ما بين العين والأذن,,,
سِكّة,السِّكك,الطريق,,,
أثار -ِ إثارة,,,قدم -ِ,,
تنكّر-َ تنكّرا,,تغير عن حال حتى يُنكر,,,
أوسع -ِ إيساعا,,أكثر اتساعا,,ضيّق -ِ تضييقا,
عادى -ِ معاداة,,,"خاصم -ِ ، شاجر",أحبّ,
أوى -ِ إيواء,,,نزل -ِ,,أوى الرجل إلى المسجد
انحدر -ِ انحدارا,,انحط من علو إلى سفل,,,
نأى -َ نأيا,,,"تكبر، تباعد",,
غبق -ِ غبقا,,سقى بالعشي,,,
برِق -َ برقا,,برق البصر والشخص: فزع ودهش فلم يبصر,,,
حلب -ُ حلبا,,حلب القوم: اجتمعوا من كل وجه,,,
فضّ -ُ فضّا,,,أنهى -ِ,,
تحرّج -َ تحرّجا,,تحرّج الرجل: تجنب الحرج,,,
استاق -َ استياقا,,استاقه: ساقه,,,
قذِر -ِ قذرا,,قذِر الثوب: كان ناجسا,,,
كفن -ِ كفنا,,,"ألبس -ِ، غطى -ِ",,
رجف -ُ رجفا,,,تحرك -َ ,,
انكفأ -ِ انكفاءا,,,"مال -ِ ، انصرف -ِ",,
خدّ -ُ خدّا,,,حفر -ِ,,خد السيل الأرض
أضرَم -ِ إضراما,,,"أوقد -ِ ، أشعل -ِ",,
اقتحم -ِ اقتحاما,,اقتحم الباب: دخله عنوة,,,
تقاعس -َ تقاعسا,,,تأخر -َ عن,,تقاعس الرجل عن القيام بعمله
نظافة,,طهارة كل شيء,طهارة,,
ضرورية,,اسم منسوب إلى ضرورة (كل ما تمتس إليه الحاجة),,,
دين,أديان,طاعة المرء والتزامه لما يعتنقه من فكر ومبادئ,ملَّة (ج) مِلَل,,
جسم,أجسام,,بدن (ج) أبدان,,
مسكن,مساكن,المكان الذي يتخذه الأفراد لغرض الإقامة,مركز (ج) مراكز,,
شرط,شروط,,قيد (ج) قيود,,
عبادة,عبادات,ما يؤديه المكلف تقربا لله تعالى,نسك,,
سواك,أسوكة,عود يتخذ من شجر الأراك ونحوه يستاك به,,,
مطهرة,مطهرات,اسم مكان من طهر,,,
جمال,,"صفة تلحظ في الأشياء، وتبعث في النفس سرورا ورضا",حسن,,
شعث الشعر,,كان متغيرا ومتلبدا ومنتشرا,,,
وسخ,أوساخ,,قذر (ج) أقذار,,
الاستحداد,,حلق شعر العانة,,,
الختان,,إجراء جراحي لإزالة الجلد الذي يغطي طرف القضيب,,,
شارب,,الشعر الذي ينبت فوق الشفة العليا,,,
تنف الإبط,,"أخذ الشعر بالأصابع، وجذبه حتى يزول",,,
وقاية,,طريقة لتجنب الضرر أو الاعتلال والمرض في المقام الأول,,,
مسبّب,مسبّبات,,وسيلة (ج) وسائل,,
رائحة,روائح,التي يدركها الإنسان بواسطة حاسة الشم,,,
قمامة,"قمامات، قمام",الكناسة تجمع من البيوت والطرق,,,
أذى,,,ضرر,نفع,
بضع,,اسم لمفرد مبهم من الثلاثة إلى التسعة,,,
شعبة,,قطعة من الشيء,,,
حياء,,انقباض النفس من شيء وتركه حذرا عن اللوم فيه,,,
سيّدة,سيّدات,مؤنث سيد: كل امرأة متزوجة,,,
طرف,,منتهاه,,,
جانب,جوانب,,ناحية,,
قصر,قصور,مقر إقامة كبير,,,
فجيعة,"فجائع، فجيعات",المشاعر التي تصيبنا عند وفاة أحد أفراد الأسرة أو صديق مقرب,"كارثة، مصيبة",,
ألم,,,"تأوه، توجّع",,
خيبة,خيبات,عدم تحقق الأمل,إخفاق,,
بشارة,بشائر,خبر مفرح,,,
دهشة,دهشات,ما يعتري الإنسان من حالة ناشئة عن حدوث أمر غير متوقع ومفاجئ,"حيرة، ارتباك",,
مدى,,,"منتهى، نهاية، غاية",,
خيال,,كل شيء لا يقر به عقل الإنسان,,,
خلافة,,رئاسة عامة للمسلمين جميعا,,,
دار,ديار,,بيت (ج) بيوت,,
صانع,صانعون,من يصنع بيديه,,,
قريب,أقرباء,,أهل/أسرة,,
بادئ,,اسم فاعل من بدأ/ هو أوّله,,,
كسب,,تحصيل المال بالعمل أو غيره,,,
ضيق,,,"فقر، سوء حال","رخاء، غناء",
توّاق,,الذي تميل نفسه إلى كل دناءة,,,
إمارة,,,ولاية,,
نفيس,نفائس,,ثمين,,
تحف,,التي لها قيمة كبيرة المشكّلة على هيئة أحجار كريمة,,,
فخمة,,"عظيم القدر، رفيع المستوى",,,
مترف,مترفون,,غني (ج) أغنياء,,
مدقع,مدقعون,,ذليل,,
رزيئة,أرزاء,,مصيبة (ج) مصائب,,
أبقى,,,أخلد,,
شمال,,,,جنوب,
بساط,بسط,ضرب من الفرش ينسج من الصوف ونحوه,,,
مرقَّع,,اسم مف من رقَّع (فيه رقع),,,
عتيق,,,قديم,جديد,
طيّان,,اسم فاعل من طوى,,,
حثَّ  ﹹ  حثا (على),,حضّه عليه وشجّعه,رغَّب (في),أبعد (عن),
أوى -ِ إيواء (إلى),,,أسكن/أقام,اغترب -ِ,
ارتدى -ِ ارتداء,,,لبس-َ,,ارتدى علي قميصا جديدا
تمَّ -ِ تما وتماما,,صار تاما وكاملا,,,
قبل-َ قبولا,,,رضي/استجاب,أبى/أعرض (عن),
مسَّ -َ مسّا,,لمسه بيده,,,
حرص-ِحرصا (على),,اشتدّت رغبته فيه,رغب (في),اكتفى/قنع,
شقّ -ُ شقّا,,,أشكل -ِ إشكالا,,
أثبت -ِ إثباتا,,,أقرّ/ثبَّتَ,أنكر-ِ إنكارا,
حافظ -ِ محافظة (على),,ما يوكل إليه من الأمور,حرس-ُ,أهمل -ِ,
تفرّق -َ تفرّقا,,,تبدَّد -َ تبدّدا,,
أزال -ِ إزالة,,,أبعد -ِ إبعادا (عن),,
جمّع -ِ تجميعا,,,أضاف -ِ إضافة,فرّق -ِ تفريقا,
قصّ -ُ قصا,,قطع منه بالمقص,قطع -َ قطعا,,
قلّم -ِ تقليما,,قلّم الظفر: قطع ما طال منه,,,
التزم -ِ التزاما,,أوجبه على نفسه,,,
تخلّص -َ تخلّصا (من),,ألقاه ورماه,,,
سبّب -ِ تسبيبا,,,أوجد-ِ إيجادا,,
دعا -ُ دعوة (إلى),,,حثّ -ُ حثّا(على),,
عاش-ِ عيشا,,عاش الشخص: كان ذا حياة,,,
لوّث -ِ تلويثا,,,وسّخ -ِ توسيخا,,
أذى-ِ إيذاء,,,ضرّر-ِ,,
أماط -ِ إماطة,,نحّاه وأبعده,أبعد-ِ (عن),,
قضى-ِ قضاء,,قضى حاجته: تبول وتغوط,,,
ملأ -َ يملئا,,,اختزن-ِ,,
نعى-َ نعيا,,أخبره بوفاة فلان,أخبر/أنبأ,,
أعلن-ِ إعلانا,,,أذاع -ِ/ أفشى-ِ,,
سمى-ِ تسمية,,جعل له اسما,,,
تصوّر -ُ تصورا,,تخيّل صورته في ذهنه,خمّن-ِ/ ظنّ-ُ,,
بلغ -ُ بلوغا,,,وصل-ِ (إلى),,
خالف-ِ مخالفة,,تصرف عكس ما تقتضيه,ضادّ -َ,وافق -ِ موافقة,
ولي-ِ ولاية,,حكمه وتسلط عليه,حكم-ُ,,
حمّل -ِ تحميلا,,جعله يحمله,تحمّل-َ تحمّلا,,
أثقل-ِ إثقالا,,حمّله حملا ثقيلا,,,
سأل-َ سؤالا,,,استخبر/استفهم,أجاب -ِ إجابة,
ودع -َ ودعا,,,ترك -ُ تركا,,
خشي-َ خشية,,,خاف -َ خوفا,,
صبر-ِ صبرا,,,تحمّل-َ تحمّلا,,
شاء -َ شيئا,,,أراد -ِ إرادة,أبى-َ إباءة,
سيّر-ِ تسييرا,,,حرّك -ِ تحريكا,,
عزم -َ عزما,,وطن النفس وعقد النية على نفسه,,ارتدع -ِ ارتداعا,
نزع -َ نزعا,,,فارق -ِ مفارقة,,
استبقى-ِ استبقاء,,,أبقي-ِ إبقاء,استبدل -ِ استبدالا,
اشتهى-ِ اشتياها,,,أحبّ-ِ,كره-َ كرها,
تخلّى-َ (عن),,,"أعرض-ِ (عن)، اجتنب",اجتمع/اختلط,
وافق-َ موافقة,,,رضي-َ,,
انفرد-ِ انفرادا,,,اختصّ-َ,انتسب -ِ انتسابا,
صاحب -ِ مصاحبة,,,رافق-ِ مرافقة,خاصم -ِ مخاصمة,
انقطع -ِ انقطاعا,,,توقّف-َ توقّفا,اتّصل-ِ اتّصالا,
آثر-ِ إيثارا,,,فضّل-ِ تفضيلا,,
أعتق -ِ إعتاقا,,,حرّر-ِ تحريرا,استرقّ-ِ,
لقي-َ لقيا,,,قابل-َ مقابلة,,
دلّ -ُ دلالة,,,أشار -ِ إشارة,,
دهش-َ دهشا,,تحيّر وذهب عقله من وله أو فزع أو حياء,,,
آنس-ِ إيناسا,,لاطفه وجعله يشعر بالأنس,,,
أنس-َ أنسا,,,اطمأنّ -ِ,,
تستّر-َ تستّرا,,,احتجب-ِ,,
عاد -ُ عودة,,,رجع -ِ رجوعا,,
ضجر-َ ضجرا,,,تبرّم -َ تبرّما,,
قدر-ِ قدرا (على),,,استطاع -ِ استطاعة,,
غطّى-ِ تغطية,,,أخفى-ِ إخفاء,,
خرّ-ِ خرّا,,,سقط -ُ سقوطا,,
أفاق -ِ إفاقة,,,استيقظ -ِ استيقاظا,,
أطاع-ِ,,,أعصى-ِ,,
قاطن,,,مقيم/ ساكن,,
حرّة,,حجر أسود,,,
راكِب,ركب,,,,
رَعْشَة ,,,رَجْفة / ارتجاف,,
غربة ,,,بُعد,,
غَدَاة ,,,صَباح,,
البقيع,,مقبر أهل المدينة ,,,
رِداء ,أرْدِية,لباس يلبس فوق الثياب يشبه العباءة,,,
كاهِل ,كَواهِل,أعلى الظهر مما يلي العنق,,,
أرض ذات نخل بين حرتين,المدينة المنورة,,,,
أوصَى ـِ إيصاء,,,نصَح ـَ نصحا,,
قَدِم ـَ قدما,,,أنَى ـِ / أَقبَل ـِ ,,
خاطَب ـِ مخاطبة,,,كلَّم ـِ تكليما,,
تَقَاصَف ـَ تقاصفا,,,ازدحم ـِ ازدحاما,,
نذَر ـُ نذرا,,,أوْجَب ـِ إيجابا,,
بسَط ـُ بسطا,,,مدّ ـُ مدّا,,
مكَث ـُ مكثا,,,بقِي ـَ بقاء,,
عدَل ـِ عدلا,,,سوى ـِ / استقامَ ـِ,,
أكَبّ ـِ إكبابا (على),,,أقبَل ـِ / أتَى ـِ,,
مَظْلَمَة ,مَظالِم ,,ظُلْم,,
شكْوى ,شكاوى,,,,
مخاطب,مخاطبون,,مكلّم,,
برِيء,أبرياء,,,مخطّي,
متخاصم ,متخاصمون,,متنازع,,
كيس,أكياس,وعاء يوضع فيه حبوب أو قمح أو دقيق أو غيره,,,
قمْح,,مكوّن من مكوّنات الخبز,,,
عرض,أعراض,,نفس ج أنفس,,
معونة,,,مساعدة,,
متواضع,,,صغير,,
عليل,,,ناقم,,
خجل,,,استحياء,,
ضِد,,,مقابل / اتّجاه,,
اعتاد ـَ اعتيادا,,جعله عادة,تعوّد (على),,
حكّم -ِ تحكيما,,طلب الحكم,,,
ثار -ُ(من ),,,غضِب -َ على,,
اعتدى -ِ اعتداء (على) ,,,ظلم -ِ ظلما,,
أقْرض -ِ إقراضا,,أعاره مبلغا أو مالا,,,
استقرض -ِ استقراضا (من),,,استعار -ِ استعارة ,,
طرَق -ُ طرقا ,,,قرَع -َ قرعا,,
عزّى -ِ عزّاء,,,سلّى -ِ / صبر -ِ,,
خفّف -ِ  تخفيفا  (عن),,جعله خفيفا ,,أثقل -ِ,
اتهم -ِ  اتهاما,,,ادّعى  ـِ ادّعاء,,
ماطل -ِ مماطلة,,,أخّر -ِ تأخيرا,,
امتنع -ِ امتناعا (من),,,,أراد -ِ إرادة,
أنصف -ِ إنصافا,,,عدل -ِ عدلا,,
نغَص -ِ نغصا (على),,,أفسَد -ِ إفسادا,,
حرّض -ِ تحريضا (على),,أثّر وجعله يغضب على,,,
أفقد -ِ إفقادا,,,ضيّع -ِ تضييعا,,
تدخّل -َ تدخّلا (في),,,اشترك -ِ اشتراكا,,
أعلى -ِ إعلاء,,, رفع -َ رفعا,,
حجب -ُ حجبا (عن),,,ستَر -ُ سترا,,
أشعى -ِ إشعاء (ب ),,جعله يشعر بشيء,,,
طعِم -َ طعما,,,أكل ـُ أكلا,,
شوى -ِ شواءً  ,,أنضجه بالنار مباشر,,,
زهد -َ زُهدا,,,ترك ـُ تركا,,
احمرّ -َ احمرارا,,صار أحمر اللون,,,
وفى -ِ وفاء,,,أدّى -ِ أداء,,
خان,,فعل الخيانة,,,
أحمقٌ,,,جاهلٌ,,
دينٌ,,ذو الدين,متدينٌ,,
معاشرةٌ,,,معاملةٌ,,
فاحشٌ,,,سيِّءٌ = قبحٌ,,
عُدَّةٌ ,,,زادٌ,,
حليّةٌ ,,,زينةٌ,,
لذَّ ,,وجده لذيذا,,,
عبتٌ,,, لعب,,
ظريف ,,, جذاب,,
جفاء/ غلظة /شدة,,عدم اللطف والرحمة والمجاملة,,,
صنّف -ِ تصنيفا,,,قسّم -ِ تقسيما,,
حيّا -ِ تحيّة,,,سلّم -ِ تسليما,,
عاهد -ِ معاهدة,,,وعد -ِ وعدا,,
أسعد -ِ إسعادا,,,سرّ -ُ سرورا,,
أودى -ِ إيداء (ب),,,أذهب -ِ/ ذهب -َ,,
اضطرّ -َ اضطرارا,,,أجبر -ِ إجبارا,,
أبلغ -ِ إبلاغا,,,أنال -ِ / أوصل -ِ,,
أمتع -ِ إمتاعا,,,أسعد -ِ إسعادا,,
استمسك -ِ استمساكا (ب),,مسك بقوة,,,
اقتصر -ِ اقتصارا (على),,,اكتفى -ِ اكتفاء,,
منسك ,مناسكُ,,عبادة,,
ساحة ,ساحات,مكان الواسع,ميدان ,,
سذاجة ,,,سهولة,,
لابسة ,,,,عارية,
عمق,أعماق,,داخل ج دواخل,,
أسير ,,,"محبوس، مسجون",,
زحام ,,, ازدحام,,
لهفة ,,,"شوق، تطلع",,
عزيمة,,,إرادة,,
عكاز,عكاكيز,,,,
شلل ,,مرض يجعل إنسانا لا يستطيع التحرك,,,
جنان,,,قلب,,
أحل ,,,أجمل,,
عرش ,,,زواج,,
أنأى ,,,أبعد,,
سرير ,"سرر، أسّرة",,,,
عذب ,,,صاف,,
ذُلٌّ ,,,حقارة,,
بقعة ,,,بقاع قطعة,,
شاتية ,,,ممطرة,,
جلٌّ ,,,"معظم، أكثر",,
هدار ,,,قوي,,
سور , أسوار  ,,حائط,,
شاهق ,,,"مرتفع، عال",,
مدفن ,مدافن ,,مقبرة ج مقابر,,
فج ,فجاج ,طريق في الجبل,,,
موقف ,مواقف,,,,
ثائر ,,,"غاضب، شجاع",,
حرية ,,آلة للحرب مثل رمح,,,
معسكر ,,مكان إقامة الجيش,,,
خدمة ,خدام  ,,حلقة,,
باحة ,,,ساحة,,
جرداء ,,,فارغة,,
جناح ,أجنحة,,,,
مضرج   ,,,ملطع,,
وطيد ,,,قوي,,
طرف ,أطراف,,,,
جليل ,,,كريم,,
دارس ,,,قديم,,
سبع  ,سباع,,مفترس,,
هيكل  ,هياكل,,شكل (ج) أشكال,,
انتسب -ِ انتسابا,,جعله ينبت,قسّم -ِ تقسيما,,
طوى -ِ طيء,,," لفَّفَ -ِ،  قصّر -ِ",,
أطلَّ -ِ إطلالا )على) ,,شرف على توجة,,,
اخترف -ِ اخترافا,,مر بالأرض على غير طريقتها,,,
أنار -ِ إنارة,,,أضاء -ِ إضاءة,,
شحّ -ِ تشحيحا ,,,قلَّ -ِ قلّة,,
غاض -ِ غيض,,دخل الماء في الأرض,جفَّ -ِ جفا,,
تدفَّق -َ تدفّقا,,خرج بقوة,,,
تداعى -َ تداعيا,,,انهدم -ِ/ سقط -ُ,,
أعاد -ِ إعادة,,,كرّر-ِ تكريرا,,
نسخ -ُ نسخا,,, حاك -ِ حيكا,,
كسا -ُ كسوا,,,ألبس -ِ,,
انتصر -ِ انتصارا,,, فاز -ُ فوزا,,
تمّ -ِ تمّا,,,كمُل -ُ,,
أمضى-ِ إمضاء ,,,أقوى -ِ إقواء,,
سار -ِ سيرا,,,مشى -ِ مشيا,,
ردّد -ِ ترديدا ,,,كرَّر -ِ تكريرا,,
فاض -ِ فيضا,,,سال -ِ سيلا,,
اندح -َ انداحا,,,انتسع -ِ انتساعا,,
هتف -ِ هتفا,,,نادى -ِ نداء,,
هدَّ -ُ هدّا,,,حرّك -ِ تحريكا,,
هجر -ُ هجرا,,,ترك -ُ تركا,,
تعالى -َ,,,ارتفع -ِ,,
لبّى -ِ تلبية,,,استجاب -ِ استجابة,,
أترع -ِ إتراعا,,,ملأ -َ ملأ,,
ارتدّ -َ ارتدادا,,,,أسلم -ِ إسلاما,
نجم -ُ نجما,,,ظهر -َ ظهرا,,
اشتأب -ِ اشتئبابا,,,تكبّر -َ,,
شيّع -ِ تشييعا,,,ودّع -ِ توديعا,,
تخطّف -َ تخطّفا ,,,قتل -ُ قتلا,,
كمن -ُ كمنا,,,اختلف -ِ اختلافا,,
هزّ -ُ هزّا,,,حرّك -ِ تحريكا,,
أهمل -ِ إهمالا,,,أخّر -ِ تأخيرا,,
تنحىّ -َ ,,,رجع -ِ رجوعا,,
جدع -َ جدعا ,,,قطع -َ قطعا,,
بقر -ُ بقرا ,,,شقَّ -ُ شقّا,,
لاك -ِ  ,,,ليّن -ِ ,,
لفظ -ِ لفظا ,,,رمى -ِ رميا,,
هدر -ِ هدرا,,,قوي -َ,,
تضرّع -َ تضرّعا (إلى) ,,,تذلّل -َ تذلّلا,,
وعى -ِ وعيل,,,أدرك -ِ إدراكا,,
تلألأ -َ تلألأ,,,أشرق -ِ إشراقا,,
أصيل,أصائل,شريف الأصل عريق النسب.,,,عثمان أصيل.
علم الرجال,,العلم الذي يحث في بيان الرواة وبيان مدى عدالتهم.,,,
علم الجبر,,فرع من فروع الرياضيات يقوم على إحلال الرموز محل الأعداد المجهولة أو المعدودة.,,,درس أحمد ماة علم الرجال.
علم البصريات,,فرع علوم الطبيعيات أو الفيزياء.,,,
علم الضوء والمرئيات,,العلم الذي يهتم بدراسة الضوء والأمواج الضوئية المتنوعة وكذلك يهتم بتطوير تطبيقات حديثة.,,,
ملح البارود,,مادة كيميائية سريعة الاشتعال وقوية (bubuk mesiu),,,هل في الأسلحة النارية ملح البارود؟
قُطن,أقطان,,,,
 كَتّان,,نبات يزرع للاستفادة من ألفية وبذوره.,,,
خرقة,خرق,قطعة من الثياب.,,,
فائق,فَوَقَة,من يتميز عن غيره من صفة حميدة أو غير حميدة.,,,
المتطلب,,الأعمال المطلوب القيام بها لتحقيق شيء ما.,,,
طَيْلَة,,, طُوْل,,
اخْترَع -ِ اختراعا,صنع شيئا جديدا.,ابتدع -ِ ابتداعا/ ابتكر -ِ ابتكارا.,,اخترع علي آلة الحساب.,
أسهَم -ِ إسهاما (في),, شارك -ِ مشاركة,,أسهمتُ في نشر الدعوة.,
تمَدَّن -َ تمدّنا,عاش عيشة أهل المدن وأخذ بأسباب الحضارة.,,,,
فاق -ُ فواقا,سبق غيره.,,,فاقت فاطمة في المسابقة.,
تطلَّب -َ تطلّبا,ألحّ في طلبه مرات وبتكلف.,,,,
دان -ِ دينا/ ديانة (لِ),,ذَلّ -ِ ذُلّا/ تعَبّد -َ تعبدا,,,
مَستور,مستورون,"اسم المفعول من ""ستر-يستُر-سترا""
الذي يستر الله ذنوبه",,,
فُجْلَة,فُجْل,نبات يؤكل نيئا,,,
قِرْش,قُروش,عملة نقدية,,,لدينا قروش في الدرج.
أنعم,نَعْماء,,"سراء، خير",,
عارِم,عارمون/ عرمة,,شديد (ج) أشداء,,كانت المعركة عارمة.
مَخاض,,وجع الولادة,,,
صنعة,صنائع,,,,
سوار,أسورة/ أساور,ما يلبس من حلي وزينة في المعصم.,,,
قُرْط,أقراط/ أقرطة,قطة من الذهب أو الفضة أو غيرهما تعلق في شحن الأذن.,,,
ثَرِيٌ,أَثْرِياء,الشخص كثير المال,غني (ج) أغنياء,فقير (ج) فقراء,
وَرْطَة,ورَطات,الأمر الصعب.,,,
ثُمالة,ثُمال,ما يبقى في آخره الإناء,,,
كأس الذل,,مرور حياته,,,
أنيق,أنيقون,صفة الشخص أو الشيء حسن المظهر والترتيب والتنسيق.,,,أتى محمد بمظهر أنيق.
إثْر,,بعده أو عقب مباشرة,,,
رخاء,,سعة العيش وحسن الحال,,,
إمام,أئمة أي أيمّة,"من يأتم به الناس من رئيس أو غيره، ومنه إمام الصلاة.",خليفة,,
هادٍ,هداة,,,,
رغدا ,,,كثيرا,,
اعتداء (على),اعتداءات,,ظلم,,
تكريم,,,تفضيل أو احترام,,
صيانة,,,حفظ أو وقاية,,
دافع,دوافع,,تشجيعات,موانع,
نَزعَة,نزعات,اتّجاه فِطريّ أو نفسيّ إلى شيء النزعة الرمزيّة في الفن التشكيليّ.,ميْلٌ,,
سلوك ,سِلك,سيرة الإنسان وتصرّفه واتِّجاهه آداب/ حسن/ سَيئ السُّلُوك.,فعل,,
نسل,,,ذرّية,,
عرض, عُروضٌ وعِراضٌ وأَعْراضٌ,المال الكثير,متاع,,
منحرف,منحرفون,خارج عن الطّريق المسْتقيم سلوك منحرف,,,
مُخِلّ,,,مخالف,,
رادعة,,,جازرة,,
أمر,أوامر,,,نواهٍ,
لُبّ,ألباب,,عقل,,
تألّق,,,تزيّن أو تلألؤ,,
صنف,أصناف,,أنواع,,
ذَوق,أذواق,"الحاسّة التي تميّز بها الذّوْق خواص الأجسام الطّعْميّة بواسطة الجهاز الحِسّي والفم، ومركزه اللسان.",,,
شَمْل,,,جميع,,
مُحمَّلا,,,حامل,,
مظروف,مظاريف,مكان يوضع فيه الرسائل,,,
ممازحا,,,ملاعبا,,
ساعي البريد,,مرسِل الرسالة,,,
جعبة,جعاب,صندوق يوضع فيه الرسائل,,,
بهجة,,,سرور أو جمال,,
دفعة واحدة ,,,مرة واحدة,,
شوق,أشواق,"نزوع النَّفْس إِلى الشيء، أو تعلُّقها به.",,,
عنقود,عناقيد,مكان يجمع فيه ثمر في أصل واحد.,,,
نكتة,نُكت أي نِكات,كلام مضحك يسر الناس.,,,
عامرة,,,ممتلئة أو كثيرة,,
شهِية,,,رغبة,,
متناهية,,,شديدة أو مفرطة,,
صهر,أصهار,قرابة بالزواج,,,
عُروة,عُرى,,رباط,,
ألفة,ألفات,,محبة,,
وَثاق,,ما يوثَق به,ربط أو خبل,,
ملوخية,,نوع من الخضروات,,,
خصيصا,,,خاصا,,
غَمَرة,غمرات غمار غُمر,,شدة,,
أثير,,,مفضّل أو مختار أو مقدّم,,
لُغْز, ألغاز,معان تتطلب تفْكِيرا منطقيّا وعقْليّا للاهتداء إلَ حلّها,,,
متيقِّنة,,,متأكِّدة,,
حَتما,,,حَقًّا,,
حِدّة,,,شدّة,,
احتمال,احتمالات,,امكانيات,,
أَكيدة,,,متأكِّدة,,
واثقة,,,متأكِّدة,,
معترضا,,,منكرا أو مخالفا,,
مبالاة,,,تفكير أو اهتمام,,
برهة,بُرُهات وبُرْهات وبُرَه,,مدة أو فترة,,
سرا,,,,جهرا,
مشفقة,,,عاطفة أو رحيمة,,
متضايق,متضايقون,شعر بالضيق,,,
دوار,,"شبه الصداع
شعر بالدوار في الرأس",,,
بصيص,,,لمع أي ضوء متلألئ,,
وَمْضَة,,بريق من الضوء,,,
مليا,,,زمن طويل,لحظة,
متراكمة,,,مُجَمَّعة,,
صِينِيّة,صِينيَّات وصَوانٍ,,طبق أو إناء,,
منّ  ﹹ  منّا (على),,,"أنعم  ــــِــــ  إنعاما
أعطى ــــِــــ إعطاء",,
استخلفَ ــــِــــ استخلافًا (في),,"جعله خليفته، جعله يعقبُه ويتلوه، جعله مكانه.",,,
مكَّنَ ــــِــــ تمكينًا (ل),, جعل له عليه سلطانًا وقدرة.,قدّر = نصر,,
ارتضى - يرتضي -ارتضاء,,"ارتضى الأمرَ: رَضِيه، أي اختاره وقبِله",,,
يُقَدَّرُ,,,يُقاسُ,,
أذاقَ ــــِــــ إذاقةً,,جَعَلَهُ يَذُوقُ,,,
"طمح ـــَـــــ طُمُوحٌ، طَمْحٌ، طِمَاحٌ (إلى)",,,تطلّع (إلى),,
عكّر ــــِـــــ تعكيرا,,,أزعج أو أقلق,,
امتثل ــــِـــــ امتثالا,,,أطاع,,
انتمى ــــِـــــ  انتِماءً,,, انتسب,,
تميز ـــَـــــ تميّزا,,,تفوّق,,
تدفَّق ـــَـــــ تدفُّقا,,خرج بالقوة,صبّب أو جرى أو هطَل,,
تكدّس ـــَـــــ تكدسا,,,تجمّع,,
دقّ ﹹ دَقّا,,,رنّ,,
شعّ ــــِـــــ شعّا,,,صبّ أو رشّ,,
تمطّى ـــــَـــــ تمطِّيا,,تَبَخْتَرَ وَمَدَّ يدَه في المشي أو تكبّر في مشيه.,,,
فك ﹹ فكا,,,أجاب أو حال,,
تقاسم ــــَـــــ تقاسما,,جعله أقساما,وزّع,,
همس ــــِـــــ هَمْسًا وهُموسًا (إلى/في),, تكلم بصوت خفيّ لا يكاد يفهم,,,
أكسب ــــِـــــ إكسابا,,,أعطى,,
أجرى ــــِـــــ إجراء,,,أقام أو عمِل,,
ضمِن ـــــَـــــ ضَمانا (ل),,التزم بأداءِ ما قد يقْصُر في أدائه,كفَل,,
وهَج ــــِـــــ وَهْجا ووهيجًا ووَهَجانًا,,,اتّقد أو توقّد,,
تَبَقَّى-يَتَبَقَّى-تَبَقِّيا (مِن),,,بَقِيَ-يَبْقَى-بَقاء,,
ارْتَقَبَ-يَرْتَقِبُ-ارْتِقابا,,,انْتَظَرَ-يَنْتَظِر-انْتِظارا,,
انْبَلَجَ-يَنْبَلِجُ-انْبِلاجا,,,ظَهَرَ-يَظْهَر-ظُهُورا,,
سايَرَ-يُسايِر-مُسايَرَة,,,وافَقَ-يُوافِق-مُوافَقَة,,
ضَجَّ-يَضِجُّ-ضَجَّة/ضَجِيجًا,,,"جَزِعَ-يَجْزَع-جَزَعا، صَرَخَ-يَصْرُخ-صَرْخا",,
تَنَغَّصَ-يَتَنَغَّصُ-تَنَغُّصا,,,تَكَدَّرَ-يَتَكَدَّر-تَكَدُّرا,,تنغص حياته.
تَسَلَّى-يَتَسَلَّى-تَسَلِّيا,,انشغال ليرتاح,تَلَهَّى-يَتَلَهَّى-تَلَهِّيا,,
اقْتَطَعَ-يَقْتَطِعُ-اقْتِطاعا (مِن),,فصل الشيء وأخذ منه قطعة أوجزءا.,,,من اقتطع شبرا من الأرض طوقه الله.
وَلْوَلَ-يُوَلْوِل-وَلْوَلَة/وِلْوَلا,,دعا بالويل بصوت عال.,,,
أَطاقَ-يُطِيقُ-إِطاقَة,,احتمل على المشقة.,قَدَرَ-يَقْدِر-قُدْرَة (على),,
رَضَخَ-يَرْضَخ-رَضْخا,,ذل للشخص.,,,
أَفْلَسَ-يُفْلِس-إِفْلاس,,فقد ماله.,,,
بَصَمَ-يَبْصُم-بَصْما,,ختم بطرفه إصبعه.,,,إني رأيت بصمته في هذه الورقة.
تَحامَلَ-يَتَحامَل-تَحامُلا (على),,لم يقبل الحق ولم يعدل.,ظَلَمَ-يَظْلِم-ظُلْما,,
عانَقَ-يُعانِق-مُعانَقَة,,أخذ الشخص بكلتا يديه ضما له إلى صدره.,,,
تَجَرَّعَ-يَتَجَرَّع-تَجَرُّعا,,بلع وشرب الشيء على فترات.,,,
اشْمَأَزَّ-يَشْمَئِزُّ-اشْمِئْزازا,,نفر من الشيء.,كَرِهَ-يَكْرَه-كَراهِيَة,,
قَرَعَ-يَقْرَع-قَرْعا,,,طَرَقَ-يَطْرُق-طَرْقا - دَقَّ-يَدُقّ-دَقًّا,,
تَأَفَّفَ-يَتَأَفَّف-تَأَفُّفا (مِن),,,تَضَجَّرَ-يَتَضَجَّر-تَضَجُّرا,,
ارْتَمَى-يَرْتَمِي-ارْتِماء,,ألقى بنفسه.,سَقَطَ-يَسْقُط-سُقُوطا,,
تَعَرَّى-يَتَعَرَّى-تَعَرِّيا,,أزال الغطاء,,,تعرى الطفل لاستحمام.
ثَبَّتَ ـِ تثبيتا,,,أَقَرَّ / مَكَّنَ,,
أَخَلَّ ـِ إخلالا (ب),,,أَفْقَدَ / ضَيَّعَ,,
حَالَ ـُ حولا,,,مَضَى / حَدَثَ,,
اسْتَنْزَفَ ـِ اسْتِنْزَافٌ,,,اسْتَهْلَكَ -ِ اسْتِهْلَاكٌ,,
أَلْحَقَ ـِ إلحاقا (ب),,,أَدْرَكَ ـِ إدراكا,,
صَبِيْحَةٌ,,,صَبَاحٌ,,
مُتَهَلِّلٌ,,,مُشْرِقٌ,,
دُوْنِيْ,,,لِأَجْلِيْ,,
عَامِّيٌ,,,,عَالِمٌ,
أَشْقَى,,,أَحْزَنُ,أَسْعَدُ,
قَانِعٌ (ب),,,رَاضٍ,,
فَائِتٌ,,,مَاضٍ,,
حَسْرَةٌ,,,حَزَنٌ,,
مَطْمَعٌ,مَطَامِعُ,,رَغْبَةٌ / إِرَادَةٌ,,
حَافٍ (الحَافِيْ),,,,مُنْتَعِلٌ,
سَمَلٌ,أَسْمَالٌ,,ثَوْبٌ,,
بَالِيَةٌ,,,قَدِيْمَةٌ,,
طِمْرٌ,أَطْمَارٌ,,ثَوْبٌ,,
رَثَاثَةٌ,,,قُبْحٌ / قِدَمٌ,,
حُشٌوْنَةٌ,,,شِدَّةٌ,,
امْتِلَاءٌ,,,شَبْعٌ,,
جُوْفٌ,,,بَطْنٌ,,
كُوْخٌ,أكواخ,بَيْتٌ صَغِيْرٌ,,,
كَفَافٌ,,,قَدْرٌ,,
دِيْبَاجٌ,,ثَوْبٌ من حَرِيْرٍ,,,
مَهْدٌ,,,سَرِيْرٌ,,
وَثِيْرٌ,,,لَيِّنٌ,,
مُتَوَّجٌ,,الذي في رَأْسِهِ تَاجٌ,,,
مَوْكِبٌ,مَوَاكِبُ,جَمَاعَةٌ من النَّاسِ رَاكِبِيْنَ أو مَاشِيْنَ,,,
رَايَةٌ,,,عَلَمٌ,,
عَزَاءٌ,,,قُوَّةٌ,,
رَوَاحَةٌ,,,رَاحَةٌ,,
رِيْحٌ,رِيَاحٌ,,,,
عَاصِفَةٌ,عَوَاصِفُ,شَدِيْدُ الرِيْحِ,,,
مِخْلَبٌ,مَخَالِبُ,Cengkraman,,,
هَوَانٌ,,,ذُلٌّ,,
احْتِمَالٌ,,,صَبْرٌ,,
زَاخِرٌ,,,وَاسِعٌ / كَرِيْمٌ,,
مَائِجَةٌ,,,مُتَحَرِّكَةٌ / كَثِيْرَةٌ,,
رَيْبُ المَنُوْنِ,,,حَوَادِثُ / مَصَائِبُ,,
خُدْعَةٌ,خُدَعٌ,,مَكْرٌ,,
وَهْمٌ,أَوْهَامٌ,,ظَنٌّ / خَيَالٌ,,
ابْتِهَالٌ,,,اجْتِهَادٌ,,
رَذِيْلَةٌ,رَذَائِلُ,,سُوءٌ,,
دَخِيْرَةٌ,دَخَائِرُ,,خَزِيْنَةٌ (ج) خَزَائِنُ,,
اقْتَرَحَ ـِ اقتراحا,,,عَرَضَ ـِ عرضا,,
طَمِعَ ـَ طمعا (في),,,رَغِبَ ـَ رغبة (في),,
اهْتَدَى ـِ اهتداء (إلى),,,عَرَفَ ـِ عرفا,,
هَوَّنَ ـِ تهوينا,,,صَغَّرَ ـِ تصغيرا,,
حَسِبَ ـَ حسبا,,,ظَنَّ ـُ ظنّا,,
عَانَقَ ـِ معانقة,,,ضَمَّ ـُ ضمّا,,
بَشَّ ـُ بشّا,,,تَبَسَّمَ ـَ تبسّما,,
نَهَضَ ـَ نهضا (ل),,,أَسْرَعَ ـِ إسراعا,,
كَتَمَ ـُ كتما,,,أَخْفَى ـِ إخفاء,,
خَفَقَ ـَ خفقا,,,اضْطَرَبَ ـِ اضطرابا,,
هَبَّ ـُ هبّا,,,تَحَرَّكَ ـَ تحرّكا,,
انْتَزَعَ ـِ انتزاعا,,,أَخَذَ / أَخْرَجَ,,
عَوَّلَ ـِ تعويلا,,بَكَا بُكَاءً شَدِيْدًا,,,
اغْتَبَطَ ـِ اغتباطا,,,فَرِحَ ـَ فرحا,,
انْفَكَّ ـَ انفكاكا (عن),,,انْفَصَلَ ـِ انفصالا,,
تَعَذَّرَ ـَ تعذّرا,,,صَعُبَ ـُ صعوبة,,
اِلْتَوَى ـِ التواء (على),,,امْتَنَعَ ـِ امتناعا,,أَخْطَأَ سَهْمُهُ والْتَوَى عليه غَرَضُهُ = فَشِلَ
أَنَّ ـِ أنّا,,,شَكَا / تَأَلَّمَ,,
غَدَرَ ـِ غدا,,,,وَفِيَ ـِ وفاء,
لَوْ خَبَرَ الدَهْرَ,,لَوْ عَرَفَ مَا الذِيْ سَيَحْدُثُ لأَنَّهُ قَدْ وَجَدَ خِبْرَةً,,,
أَحْرَزَ ـِ إِحْرَازٌ,,,حَصَلَ ـُ حُصَوْلٌ,,
نَاجَى ـِ مناجة,,,أَسَرَّ / هَمَسَ,,
حَاقَ ـِ حيقا (ب),,,أَحَاطَ (ب) / أَصَابَهُ,,
مروءة,مروءات,"آدابٌ نفسانيَّةٌ تحمِلُ مُراعاتُها الإنسانَ على الوقوف عند محاسِن الأخلاق وجميل العادات، أَو هي كمال الرُّجوليَّة",,,
إِسْراجُ,,إِيقادُهُ,شَدُّ عَلَيْهِ,,
غِلمان,غُلاَم,,وَلَد,عَجوز,
لِّجَامٌ,"أَلجِمَةٌ، ولُجُمٌ، ولُجْمٌ",الحديدةُ في فم الفرس,,,
فِداء,أَفْدِيَةٌ,ما يقدَّم من مال ونحوه لتخليص المَفْدِيّ,,,
فرَج,,جعل بينهما فُرْجةً أو شقًّا وسَّع بينهما,وسع,ضيق,
سبيل,"أسبل وأسْبلة
وسُبْل وسُبُل",,طريق,,
سِراج,سُرْج وسُرُج,"مصباح زاهر، كلّ شيء مضيء",مصباح,,
خُشونة,,,شديد,لين,
سَريّة,,مصدر صناعيّ من سِرّ: خِفْيَة في سرِّيَّة تامَّة,خِفْيَة,ظاهِر,
غُرَماءُ,غَريم,ما ينوبُ اَلإِنْسانَ في ماله من ضرر بغيْر جناية أَو خيانة,,,
نَهضة,نَهَضات ونهْضات,الطَّاقةُ والقُوَّة,,ضعيف,
قَناة,"قَنَوات، وقُنِيّ",كلُّ عصًا مستوية أَو مُعْوجّة,الرمحُ الأَجوف,,
"فُضولاً، فهو فاضِل",,اتصف بالفضيلة؛ بدرجة رفيعة من حسن الخلق,,,
فَيّاض,,صيغة مبالغة من فاض: كثير الفيض,,,
بارِح,بَوَارِحُ,الرِّيح الحارَّة في الصيف,,,
رُقعة,"رُقُعات ورُقْعات
ورِقاع ورُقَع",قطعةٌ من الورق أو الجلد يكتب فيها,,,
دَواة,"دَوَيات ودَوًى
ودُوِيّ ودِوِىّ","مِحْبَرة، وعاء الحبر، قِنِّينَةٌ زُجاجِيَّةٌ يوضَعُ فيها الحِبْرُ",,,
سَفَط,أسْفاط,وعاء يوضع فيه الطِّيبُ ونحوُه من أَدوات النساء,,,
مُقوِّم,مُقَوِّمَاتُ,أساس,,,
الآونة,,الزمن,,,
أشِعّة,شُعاع,"خُيوطٌ ضَوْئِيَّةٌ شَفَّافَةٌ تَخْتَرِقُ الأشْياءَ، وَتَصِلُ الأَرْضَ مِنَ الفَضاءِ الخارِجِيِّ أَشِعَّةٌ نَجْمِيَّةٌ",,,
تمتص,,تجمع قليلا فقليلا,,,
اخترع,,أنشأ,,,
لاحَ -ُ لَوْحاً,,بدا للنَّظر إمّا فجأة وإمّا شيئًا فشيئًا,ظهر,خفِيَ,
قاتَ -ُ قوتا,,أَعْطَاهُ الْقُوتَ,أَطْعَمَهُ,,
نفِدَ -َ نفادًا ونَفَدًا,,"فنِي وذهَب بأكمله، لم يبق منه شيء",فناء,بقِيَ -َ بقاء,
واسى -ِ واسِ ومُواساةً,,"آساه، عزَّاه وسلاّه، شاطره الأسى",,,
سارَ -ِ سيرا,,,مَشَى-ِ مشيا,جرَى ـِ جريا,
ناولَ -ِ مناولة,,أعطاه إيَّاه بيده,,,
أسرجَ -ِ إسراجًا,,أوقده,زَيَّنَ -ِ تزيينًا,,
بات -ِ بيتا,,أَقَامَ فِيهِ اللَّيْلَ,أَقَامَ وسكن,رجع,
افتقدَ -ِ افتقادًا,,طَلَبَهُ عِنْدَ غَيْبَتِهِ وفِي اللَّيْلَةِ الظَّلْمَاءِ,اشتق وبَحَثَ,,
ارتابَ -َ ارتيابا,,شَكَّ فِيهَا الحَقِيقَةُ,شكَّ -ُ,يقِنَ,
شَقَّ -ُ شقّا,,طَلَعَ أوَّل ما يبدو,,,
لطَمَ -ِ لَطْمًا,,ضَرَبَهُ عَلَى خَدِّهِ بِبَاطِنِ كَفِّهِ,ضَرَبَ,,
دها -ُ دَهْوًا,,أَظهرَ خلافَ ما أضمر,خطَّأَ -ِ تخطيئا,صوَّبَ -ِ تصويبًا,
كتَمَ -ُكَتْمًا,,"أخفاه ولم يفشه وكان شديد التَّحفّظ عليه، أو ستره وطمسه",,,
أحلفَ -ِ إحلافًا,,طلب منه أن يُقسِم أحلف القاضي الشَّاهدَ قبل الإدلاء بشهادته,قسِم -َ قسما,خانَ -ُ خِيانةً,
صالحَ -ِ مُصَالَحَةً,,"سَالَمَهُ، صافَاهُ",,أفسدَ -ِ إفسادًا,
تجهَّزَ -َ تجهُّزًا,,,حضر-ُ/ لَزم -َ,غيَّبَ -ِ تغييبًا,
طرَقَ -ُ طَرْقًا وطُروقًا,,"قرَعه، دقَّه، نقَر عليه",ضرب,,
تنكَّرَ -َ تنكُّرًا  ,,أسَاءَ إلَيْهِ عَلَى الرَّغْمِ مِنْ إحْسَانِهِ,خانَ -ُ خِيانةً,,
تلهَّفَ -َ تلهُّفًا,,رغب فيه نظرة,رغِبَ -َ رَغْبًا (في) ,,
أعَنَّ -ِ إعنانا,,جَعَلَ لَهُ عِنَاناً,,,
عقَدَ -ِ عَقْدًا,,جعلها له,,,
يصون (أَوْصَى -  يُوْصِيْ),,,,,
خلَّى -ِ خلاء,,جعله خاليًا فارغًا,فرَغَ -َ فرغا,كثُرَ -ُ ,
ضنَّ -ِ ضنّا,,جَعَل بعضَه على بعض,,,
أضرَّ -ِ إضرارا,,دَنا منْه شديدًا حتى لصق به وضيّق عليه,,,
جزِعَ -َ جَزَعًا,,"خاف منه جزِع من عتاب أبيه،",,,
اغتمَّ -َ اغْتَمِاما,,اِحْتَبَسَ نَفَسَهُ عنِ الخُروجِ,حزَنَ -ُ حُزْنًا,فرِحَ -َ فَرَحًا,
كفَأَ -َ كَفْئًا,,"صَرَفَهُ، طَرَدَهُ",,,
أحشمَ -ِ إحشامًا,,"أخجله أو أغضبَه، آذاه وأسمعه ما يكره",عذَّبَ -ِ تعذيبًا,رحِمَ -َ رَحمةً ورُحْمًا,
نكَسَ -ُ نَكْسًا,,أماله وطأطأه من خزيٍ أو عار,,,
ودَّعَ -ِ توديعًا,,شيَّعه عند سفره متمنِّيًا له الدَّعَة والسَّلامة,,,
رثَّ -ِ رثّا,,"قَبُحَ، هَانَ",قبَحَ -َ قَبْحًا وقُبوحًا,,
اعتذرَ -ِ اعتذارا,,تنصَّل واحتجَّ لنفسِه,,,
تذمَّمَ -َ تذمّما,,استنكف واستحيا,,مدَحَ -َ مَدْحًا,
ظفِرَ -َ ظَفَرًا,,,فازَ -ُ فَوْزًا,فَشَلَ -ُ فشلا,
تلهَّفَ -َ تلهُّفًا,,,حزَنَ -ُ حُزْنًا,,
تشوَّفَ -َ تشوُّفًا,,توقّعه وتطلّع إليه,,,
رحَّبَ -ِ ترحيبًا,,دعاه إِلى الرُّحْب والسَّعَة,,,
مَدَّ -ُ مدّا,,,أنارَ -ِ إنارةً,,
جرَفَ -ُ جَرْفًا,,,تحرك,,
